(K/u)_L,(K/u)_M,Jm_L,Jm_M,u_L/u_M(Shear contrast),volume contrast,critical strain,wavenumber
0,0,0,0,1,0,0.234182485,0.977052339
0.075257499,0.075257499,0,0,1,0,0.229730807,0.979817949
0.119280314,0.119280314,0,0,1,0,0.228354954,0.980361994
0.174742501,0.174742501,0,0,1,0,0.227285958,0.980903091
0.225772497,0.225772497,0,0,1,0,0.226696989,0.981441271
0.25,0.25,0,0,1,0,0.226502629,0.981441271
0.325257499,0.325257499,0,0,1,0,0.226118233,0.981976565
0.424742501,0.424742501,0,0,1,0,0.225888433,0.981976565
0.475772497,0.475772497,0,0,1,0,0.225830557,0.981976565
0.5,0.5,0,0,1,0,0.225810976,0.981976565
0.75,0.75,0,0,1,0,0.225742369,0.981976565
1,1,0,0,1,0,0.225735675,0.981976565
0,0,0.2,0.2,1,0,0.211345392,0.975924281
0.075257499,0.075257499,0.2,0.2,1,0,0.207359464,0.977611624
0.119280314,0.119280314,0.2,0.2,1,0,0.206122216,0.978167793
0.174742501,0.174742501,0.2,0.2,1,0,0.20516046,0.978720881
0.225772497,0.225772497,0.2,0.2,1,0,0.204631069,0.978720881
0.25,0.25,0.2,0.2,1,0,0.204455359,0.978720881
0.325257499,0.325257499,0.2,0.2,1,0,0.204108486,0.979270922
0.424742501,0.424742501,0.2,0.2,1,0,0.203900815,0.979270922
0.475772497,0.475772497,0.2,0.2,1,0,0.203849748,0.979270922
0.5,0.5,0.2,0.2,1,0,0.203832035,0.979270922
0.75,0.75,0.2,0.2,1,0,0.203770121,0.979270922
1,1,0.2,0.2,1,0,0.203763985,0.979270922
0,0,0.260205999,0.260205999,1,0,0.19308269,0.974207927
0.075257499,0.075257499,0.260205999,0.260205999,1,0,0.189543269,0.975355435
0.119280314,0.119280314,0.260205999,0.260205999,1,0,0.188437819,0.975924281
0.174742501,0.174742501,0.260205999,0.260205999,1,0,0.187576494,0.975924281
0.225772497,0.225772497,0.260205999,0.260205999,1,0,0.187101573,0.975924281
0.25,0.25,0.260205999,0.260205999,1,0,0.186943435,0.976489903
0.325257499,0.325257499,0.260205999,0.260205999,1,0,0.18663176,0.976489903
0.424742501,0.424742501,0.260205999,0.260205999,1,0,0.186444515,0.976489903
0.475772497,0.475772497,0.260205999,0.260205999,1,0,0.186398555,0.976489903
0.5,0.5,0.260205999,0.260205999,1,0,0.186326804,0.976489903
0.75,0.75,0.260205999,0.260205999,1,0,0.186326804,0.976489903
1,1,0.260205999,0.260205999,1,0,0.186321226,0.976489903
0,0,0.4,0.4,1,0,0.140975018,0.96451964
0.075257499,0.075257499,0.4,0.4,1,0,0.138229603,0.96451964
0.119280314,0.119280314,0.4,0.4,1,0,0.137359205,0.96451964
0.174742501,0.174742501,0.4,0.4,1,0,0.136676613,0.965153497
0.225772497,0.225772497,0.4,0.4,1,0,0.136297018,0.965153497
0.25,0.25,0.4,0.4,1,0,0.136171378,0.965153497
0.325257499,0.325257499,0.4,0.4,1,0,0.135922528,0.965153497
0.424742501,0.424742501,0.4,0.4,1,0,0.135774435,0.965153497
0.475772497,0.475772497,0.4,0.4,1,0,0.135736986,0.965153497
0.5,0.5,0.4,0.4,1,0,0.135724313,0.965153497
0.75,0.75,0.4,0.4,1,0,0.135679969,0.965153497
1,1,0.4,0.4,1,0,0.135675507,0.965153497
0,0,0.539794001,0.539794001,1,0,0.116923907,0.9558909
0.075257499,0.075257499,0.539794001,0.539794001,1,0,0.113492975,0.957267916
0.119280314,0.119280314,0.539794001,0.539794001,1,0,0.112436954,0.957267916
0.174742501,0.174742501,0.539794001,0.539794001,1,0,0.111619887,0.957267916
0.225772497,0.225772497,0.539794001,0.539794001,1,0,0.1111705,0.957949367
0.25,0.25,0.539794001,0.539794001,1,0,0.11102171,0.957949367
0.325257499,0.325257499,0.539794001,0.539794001,1,0,0.110727922,0.957949367
0.424742501,0.424742501,0.539794001,0.539794001,1,0,0.110554295,0.957949367
0.475772497,0.475772497,0.539794001,0.539794001,1,0,0.110510037,0.957949367
0.5,0.5,0.539794001,0.539794001,1,0,0.110495162,0.957949367
0.75,0.75,0.539794001,0.539794001,1,0,0.110443009,0.957949367
1,1,0.539794001,0.539794001,1,0,0.11043771,0.957949367
0,0,0.6,0.6,1,0,0.114157296,0.954494623
0.075257499,0.075257499,0.6,0.6,1,0,0.110276231,0.9558909
0.119280314,0.119280314,0.6,0.6,1,0,0.109105703,0.9558909
0.174742501,0.174742501,0.6,0.6,1,0,0.108205227,0.956581782
0.225772497,0.225772497,0.6,0.6,1,0,0.107713284,0.956581782
0.25,0.25,0.6,0.6,1,0,0.107550617,0.956581782
0.325257499,0.325257499,0.6,0.6,1,0,0.107231555,0.956581782
0.424742501,0.424742501,0.6,0.6,1,0,0.107039204,0.957267916
0.475772497,0.475772497,0.6,0.6,1,0,0.106993244,0.956581782
0.5,0.5,0.6,0.6,1,0,0.106976099,0.957267916
0.75,0.75,0.6,0.6,1,0,0.106919205,0.957267916
1,1,0.6,0.6,1,0,0.106913627,0.957267916
0,0,0.695424251,0.695424251,1,0,0.11274136,0.953078541
0.075257499,0.075257499,0.695424251,0.695424251,1,0,0.108347412,0.955195203
0.119280314,0.119280314,0.695424251,0.695424251,1,0,0.107051119,0.955195203
0.174742501,0.174742501,0.695424251,0.695424251,1,0,0.106062128,0.9558909
0.225772497,0.225772497,0.695424251,0.695424251,1,0,0.105524225,0.9558909
0.25,0.25,0.695424251,0.695424251,1,0,0.105347368,0.956581782
0.325257499,0.325257499,0.695424251,0.695424251,1,0,0.104998238,0.956581782
0.424742501,0.424742501,0.695424251,0.695424251,1,0,0.104792269,0.956581782
0.475772497,0.475772497,0.695424251,0.695424251,1,0,0.1047395,0.956581782
0.5,0.5,0.695424251,0.695424251,1,0,0.104722371,0.956581782
0.75,0.75,0.695424251,0.695424251,1,0,0.104660736,0.956581782
1,1,0.695424251,0.695424251,1,0,0.1046546,0.956581782
0,0,0.790848502,0.790848502,1,0,0.112405853,0.953078541
0.075257499,0.075257499,0.790848502,0.790848502,1,0,0.107773731,0.954494623
0.119280314,0.119280314,0.790848502,0.790848502,1,0,0.106419595,0.955195203
0.174742501,0.174742501,0.790848502,0.790848502,1,0,0.105391452,0.9558909
0.225772497,0.225772497,0.790848502,0.790848502,1,0,0.104834825,0.9558909
0.25,0.25,0.790848502,0.790848502,1,0,0.104650974,0.9558909
0.325257499,0.325257499,0.790848502,0.790848502,1,0,0.104290113,0.956581782
0.424742501,0.424742501,0.790848502,0.790848502,1,0,0.104075633,0.956581782
0.475772497,0.475772497,0.790848502,0.790848502,1,0,0.104022864,0.956581782
0.5,0.5,0.790848502,0.790848502,1,0,0.104001713,0.956581782
0.75,0.75,0.790848502,0.790848502,1,0,0.103940915,0.956581782
1,1,0.790848502,0.790848502,1,0,0.1039345,0.956581782
0,0,0.8,0.8,1,0,0.112391629,0.952362896
0.075257499,0.075257499,0.8,0.8,1,0,0.107746121,0.954494623
0.119280314,0.119280314,0.8,0.8,1,0,0.106388955,0.955195203
0.174742501,0.174742501,0.8,0.8,1,0,0.10535911,0.9558909
0.225772497,0.225772497,0.8,0.8,1,0,0.10480078,0.9558909
0.25,0.25,0.8,0.8,1,0,0.104616671,0.9558909
0.325257499,0.325257499,0.8,0.8,1,0,0.104256069,0.9558909
0.424742501,0.424742501,0.8,0.8,1,0,0.104041589,0.956581782
0.475772497,0.475772497,0.8,0.8,1,0,0.103987118,0.956581782
0.5,0.5,0.8,0.8,1,0,0.103969083,0.956581782
0.75,0.75,0.8,0.8,1,0,0.103905495,0.956581782
1,1,0.8,0.8,1,0,0.103899081,0.956581782
0,0,0.895424251,0.895424251,1,0,0.112309635,0.952362896
0.075257499,0.075257499,0.895424251,0.895424251,1,0,0.107582969,0.954494623
0.119280314,0.119280314,0.895424251,0.895424251,1,0,0.106206817,0.955195203
0.174742501,0.174742501,0.895424251,0.895424251,1,0,0.105165056,0.9558909
0.225772497,0.225772497,0.895424251,0.895424251,1,0,0.104598216,0.9558909
0.25,0.25,0.895424251,0.895424251,1,0,0.104413079,0.9558909
0.325257499,0.325257499,0.895424251,0.895424251,1,0,0.104048398,0.9558909
0.424742501,0.424742501,0.895424251,0.895424251,1,0,0.103830513,0.956581782
0.475772497,0.475772497,0.895424251,0.895424251,1,0,0.103777744,0.956581782
0.5,0.5,0.895424251,0.895424251,1,0,0.103758519,0.956581782
0.75,0.75,0.895424251,0.895424251,1,0,0.103694095,0.956581782
1,1,0.895424251,0.895424251,1,0,0.10368768,0.956581782
0,0,0.939794001,0.939794001,1,0,0.112294296,0.952362896
0.075257499,0.075257499,0.939794001,0.939794001,1,0,0.107550896,0.954494623
0.119280314,0.119280314,0.939794001,0.939794001,1,0,0.10617107,0.955195203
0.174742501,0.174742501,0.939794001,0.939794001,1,0,0.105125905,0.9558909
0.225772497,0.225772497,0.939794001,0.939794001,1,0,0.104559065,0.9558909
0.25,0.25,0.939794001,0.939794001,1,0,0.10437264,0.9558909
0.325257499,0.325257499,0.939794001,0.939794001,1,0,0.104007544,0.9558909
0.424742501,0.424742501,0.939794001,0.939794001,1,0,0.10378966,0.956581782
0.475772497,0.475772497,0.939794001,0.939794001,1,0,0.103735189,0.956581782
0.5,0.5,0.939794001,0.939794001,1,0,0.103716685,0.956581782
0.75,0.75,0.939794001,0.939794001,1,0,0.103650309,0.956581782
1,1,0.939794001,0.939794001,1,0,0.103645568,0.956581782
0,0,1,1,1,0,0.11228314,0.952362896
0.075257499,0.075257499,1,1,1,0,0.107526911,0.954494623
0.119280314,0.119280314,1,1,1,0,0.106143834,0.955195203
0.174742501,0.174742501,1,1,1,0,0.105096967,0.9558909
0.225772497,0.225772497,1,1,1,0,0.104528425,0.9558909
0.25,0.25,1,1,1,0,0.104342241,0.9558909
0.325257499,0.325257499,1,1,1,0,0.103976904,0.9558909
0.424742501,0.424742501,1,1,1,0,0.10375902,0.9558909
0.475772497,0.475772497,1,1,1,0,0.103704549,0.956581782
0.5,0.5,1,1,1,0,0.103685449,0.956581782
0.75,0.75,1,1,1,0,0.103620746,0.956581782
1,1,1,1,1,0,0.103614332,0.956581782
0,0,0,0,1,0.584962501,0.23383387,0.936011462
0.075257499,0.075257499,0,0,1,0.584962501,0.229469485,0.938517839
0.25,0.25,0,0,1,0.584962501,0.226295133,0.940154468
0.5,0.5,0,0,1,0.584962501,0.225611568,0.94096283
0.75,0.75,0,0,1,0.584962501,0.225544076,0.94096283
1,1,0,0,1,0.584962501,0.225537383,0.94096283
0,0,0.2,0.2,1,0.584962501,0.21096331,0.934304888
0.075257499,0.075257499,0.2,0.2,1,0.584962501,0.20706077,0.936011462
0.25,0.25,0.2,0.2,1,0.584962501,0.204206029,0.937689352
0.5,0.5,0.2,0.2,1,0.584962501,0.203594697,0.937689352
0.75,0.75,0.2,0.2,1,0.584962501,0.203534178,0.937689352
1,1,0.2,0.2,1,0.584962501,0.203528042,0.937689352
0,0,0.260205999,0.260205999,1,0.584962501,0.192639809,0.932568634
0.075257499,0.075257499,0.260205999,0.260205999,1,0.584962501,0.189192422,0.934304888
0.25,0.25,0.260205999,0.260205999,1,0.584962501,0.186645857,0.935161822
0.5,0.5,0.260205999,0.260205999,1,0.584962501,0.186095881,0.935161822
0.75,0.75,0.260205999,0.260205999,1,0.584962501,0.186041497,0.935161822
1,1,0.260205999,0.260205999,1,0.584962501,0.186035919,0.935161822
0,0,0.4,0.4,1,0.584962501,0.139973237,0.920481167
0.075257499,0.075257499,0.4,0.4,1,0.584962501,0.137423883,0.921464743
0.25,0.25,0.4,0.4,1,0.584962501,0.135500642,0.922438723
0.5,0.5,0.4,0.4,1,0.584962501,0.135081188,0.922438723
0.75,0.75,0.4,0.4,1,0.584962501,0.135039633,0.922438723
1,1,0.4,0.4,1,0.584962501,0.135035449,0.922438723
0,0,0.539794001,0.539794001,1,0.584962501,0.114274431,0.907853987
0.075257499,0.075257499,0.539794001,0.539794001,1,0.584962501,0.111602922,0.91007257
0.25,0.25,0.539794001,0.539794001,1,0.584962501,0.109596292,0.912242919
0.5,0.5,0.539794001,0.539794001,1,0.584962501,0.109158989,0.912242919
0.75,0.75,0.539794001,0.539794001,1,0.584962501,0.109115482,0.912242919
1,1,0.539794001,0.539794001,1,0.584962501,0.109111298,0.912242919
0,0,0.6,0.6,1,0.584962501,0.110724969,0.903263195
0.075257499,0.075257499,0.6,0.6,1,0.584962501,0.107953895,0.906725928
0.25,0.25,0.6,0.6,1,0.584962501,0.105864713,0.91007257
0.5,0.5,0.6,0.6,1,0.584962501,0.105410119,0.91007257
0.75,0.75,0.6,0.6,1,0.584962501,0.105364938,0.91007257
1,1,0.6,0.6,1,0.584962501,0.105360476,0.91007257
0,0,0.695424251,0.695424251,1,0.584962501,0.10845116,0.899676027
0.075257499,0.075257499,0.695424251,0.695424251,1,0.584962501,0.105595025,0.904430836
0.25,0.25,0.695424251,0.695424251,1,0.584962501,0.103425522,0.907853987
0.5,0.5,0.695424251,0.695424251,1,0.584962501,0.102953636,0.908969441
0.75,0.75,0.695424251,0.695424251,1,0.584962501,0.102906503,0.908969441
1,1,0.695424251,0.695424251,1,0.584962501,0.102902041,0.908969441
0,0,0.790848502,0.790848502,1,0.584962501,0.107722973,0.898451077
0.075257499,0.075257499,0.790848502,0.790848502,1,0.584962501,0.10483839,0.903263195
0.25,0.25,0.790848502,0.790848502,1,0.584962501,0.102635699,0.907853987
0.5,0.5,0.790848502,0.790848502,1,0.584962501,0.102155167,0.907853987
0.75,0.75,0.790848502,0.790848502,1,0.584962501,0.102107756,0.907853987
1,1,0.790848502,0.790848502,1,0.584962501,0.102103015,0.907853987
0,0,0.8,0.8,1,0.584962501,0.107686717,0.897210911
0.075257499,0.075257499,0.8,0.8,1,0.584962501,0.104800739,0.903263195
0.25,0.25,0.8,0.8,1,0.584962501,0.102596654,0.907853987
0.5,0.5,0.8,0.8,1,0.584962501,0.102115565,0.907853987
0.75,0.75,0.8,0.8,1,0.584962501,0.102068153,0.907853987
1,1,0.8,0.8,1,0.584962501,0.102063412,0.907853987
0,0,0.895424251,0.895424251,1,0.584962501,0.107470296,0.897210911
0.075257499,0.075257499,0.895424251,0.895424251,1,0.584962501,0.104576789,0.903263195
0.25,0.25,0.895424251,0.895424251,1,0.584962501,0.102362663,0.906725928
0.5,0.5,0.895424251,0.895424251,1,0.584962501,0.101879064,0.907853987
0.75,0.75,0.895424251,0.895424251,1,0.584962501,0.101831095,0.907853987
1,1,0.895424251,0.895424251,1,0.584962501,0.101826353,0.907853987
0,0,0.939794001,0.939794001,1,0.584962501,0.107427347,0.897210911
0.075257499,0.075257499,0.939794001,0.939794001,1,0.584962501,0.104532445,0.903263195
0.25,0.25,0.939794001,0.939794001,1,0.584962501,0.102316088,0.906725928
0.5,0.5,0.939794001,0.939794001,1,0.584962501,0.101831931,0.907853987
0.75,0.75,0.939794001,0.939794001,1,0.584962501,0.101783962,0.907853987
1,1,0.939794001,0.939794001,1,0.584962501,0.101779221,0.907853987
0,0,1,1,1,0.584962501,0.107395553,0.897210911
0.075257499,0.075257499,1,1,1,0.584962501,0.104498978,0.903263195
0.25,0.25,1,1,1,0.584962501,0.102280948,0.906725928
0.5,0.5,1,1,1,0.584962501,0.101796791,0.907853987
0.75,0.75,1,1,1,0.584962501,0.101748821,0.907853987
1,1,1,1,1,0.584962501,0.101743801,0.907853987
0,0,0,0,1,1,0.231987882,0.904430836
0.075257499,0.075257499,0,0,1,1,0.227980479,0.906725928
0.25,0.25,0,0,1,1,0.225028962,0.908969441
0.5,0.5,0,0,1,1,0.224393924,0.91007257
0.75,0.75,0,0,1,1,0.224330337,0.91007257
1,1,0,0,1,1,0.224323922,0.91007257
0,0,0.2,0.2,1,1,0.20900967,0.902081736
0.075257499,0.075257499,0.2,0.2,1,1,0.205427577,0.904430836
0.25,0.25,0.2,0.2,1,1,0.202785631,0.905584977
0.5,0.5,0.2,0.2,1,1,0.202216691,0.906725928
0.75,0.75,0.2,0.2,1,1,0.202159797,0.906725928
1,1,0.2,0.2,1,1,0.20215394,0.906725928
0,0,0.260205999,0.260205999,1,1,0.190516324,0.899676027
0.075257499,0.075257499,0.260205999,0.260205999,1,1,0.187374045,0.900886128
0.25,0.25,0.260205999,0.260205999,1,1,0.185038322,0.902081736
0.5,0.5,0.260205999,0.260205999,1,1,0.184534085,0.903263195
0.75,0.75,0.260205999,0.260205999,1,1,0.184483605,0.903263195
1,1,0.260205999,0.260205999,1,1,0.184478585,0.903263195
0,0,0.4,0.4,1,1,0.13610779,0.882443731
0.075257499,0.075257499,0.4,0.4,1,1,0.134085542,0.883880189
0.25,0.25,0.4,0.4,1,1,0.132536854,0.885296271
0.5,0.5,0.4,0.4,1,1,0.132195211,0.885296271
0.75,0.75,0.4,0.4,1,1,0.132161186,0.885296271
1,1,0.4,0.4,1,1,0.132157839,0.885296271
0,0,0.539794001,0.539794001,1,1,0.105390039,0.837527576
0.075257499,0.075257499,0.539794001,0.539794001,1,1,0.104348376,0.846214106
0.25,0.25,0.539794001,0.539794001,1,1,0.103453969,0.854204939
0.5,0.5,0.539794001,0.539794001,1,1,0.103246194,0.854204939
0.75,0.75,0.539794001,0.539794001,1,1,0.103225556,0.854204939
1,1,0.539794001,0.539794001,1,1,0.103223604,0.854204939
0,0,0.6,0.6,1,1,0.097887837,0
0.075257499,0.075257499,0.6,0.6,1,1,0.097763451,0
0.25,0.25,0.6,0.6,1,1,0.097270091,0
0.5,0.5,0.6,0.6,1,1,0.097352085,0
0.75,0.75,0.6,0.6,1,1,0.097065384,0
1,1,0.6,0.6,1,1,0.097062595,0
0,0,0.695424251,0.695424251,1,1,0.092122297,0.460737265
0.075257499,0.075257499,0.695424251,0.695424251,1,1,0.092057036,0.460737265
0.25,0.25,0.695424251,0.695424251,1,1,0.090222762,0
0.5,0.5,0.695424251,0.695424251,1,1,0.090161406,0
0.75,0.75,0.695424251,0.695424251,1,1,0.090166426,0
1,1,0.695424251,0.695424251,1,1,0.090166705,0
0,0,0.790848502,0.790848502,1,1,0.089558441,0
0.075257499,0.075257499,0.790848502,0.790848502,1,1,0.089943033,0
0.25,0.25,0.790848502,0.790848502,1,1,0.090018334,0
0.5,0.5,0.790848502,0.790848502,1,1,0.090049012,0.460737265
0.75,0.75,0.790848502,0.790848502,1,1,0.090048733,0.460737265
1,1,0.790848502,0.790848502,1,1,0.090048454,0.460737265
0,0,0.8,0.8,1,1,0.089941081,0
0.075257499,0.075257499,0.8,0.8,1,1,0.089929089,0
0.25,0.25,0.8,0.8,1,1,0.089944149,0
0.5,0.5,0.8,0.8,1,1,0.089945543,0
0.75,0.75,0.8,0.8,1,1,0.08994889,0
1,1,0.8,0.8,1,1,0.089940244,0
0,0,0.895424251,0.895424251,1,1,0.089333654,0
0.075257499,0.075257499,0.895424251,0.895424251,1,1,0.08932696,0
0.25,0.25,0.895424251,0.895424251,1,1,0.089354292,0
0.5,0.5,0.895424251,0.895424251,1,1,0.089360427,0
0.75,0.75,0.895424251,0.895424251,1,1,0.08935457,0
1,1,0.895424251,0.895424251,1,1,0.089311063,0
0,0,0.939794001,0.939794001,1,1,0.089220423,0
0.075257499,0.075257499,0.939794001,0.939794001,1,1,0.08920369,0
0.25,0.25,0.939794001,0.939794001,1,1,0.089239946,0
0.5,0.5,0.939794001,0.939794001,1,1,0.089235205,0
0.75,0.75,0.939794001,0.939794001,1,1,0.089237436,0
1,1,0.939794001,0.939794001,1,1,0.089237993,0
0,0,1,1,1,1,0.089120022,0
0.075257499,0.075257499,1,1,1,1,0.089116396,0
0.25,0.25,1,1,1,1,0.089153768,0
0.5,0.5,1,1,1,1,0.08914819,0
0.75,0.75,1,1,1,1,0.089149864,0
1,1,1,1,1,1,0.089151537,0
0,1,1,0,1,0,0.085214999,0.937689352
0.075257499,1,1,0,1,0,0.085521399,0.939339507
0.25,1,1,0,1,0,0.085758009,0.94096283
0.5,1,1,0,1,0,0.085810777,0.94096283
0.75,1,1,0,1,0,0.085815884,0.94096283
1,1,1,0,1,0,0.085815884,0.94096283
0,1,1,0.2,1,0,0.085883973,0.937689352
0.075257499,1,1,0.2,1,0,0.086190373,0.940154468
0.25,1,1,0.2,1,0,0.086426982,0.941764698
0.5,1,1,0.2,1,0,0.086479751,0.941764698
0.75,1,1,0.2,1,0,0.086484858,0.941764698
1,1,1,0.2,1,0,0.086484858,0.941764698
0,1,1,0.260205999,1,0,0.08657848,0.938517839
0.075257499,1,1,0.260205999,1,0,0.086886583,0.94096283
0.25,1,1,0.260205999,1,0,0.087121489,0.942560178
0.5,1,1,0.260205999,1,0,0.087172556,0.942560178
0.75,1,1,0.260205999,1,0,0.087177663,0.942560178
1,1,1,0.260205999,1,0,0.087179365,0.942560178
0,1,1,0.4,1,0,0.090714883,0.941764698
0.075257499,1,1,0.4,1,0,0.091017878,0.94413237
0.25,1,1,0.4,1,0,0.091245976,0.945680185
0.5,1,1,0.4,1,0,0.091293639,0.946445186
0.75,1,1,0.4,1,0,0.091298745,0.946445186
1,1,1,0.4,1,0,0.091298745,0.946445186
0,1,1,0.539794001,1,0,0.097746767,0.947204369
0.075257499,1,1,0.539794001,1,0,0.098032741,0.949447882
0.25,1,1,0.539794001,1,0,0.098235305,0.951642083
0.5,1,1,0.539794001,1,0,0.098277861,0.952362896
0.75,1,1,0.539794001,1,0,0.098281265,0.952362896
1,1,1,0.539794001,1,0,0.098281265,0.952362896
0,1,1,0.6,1,0,0.100010724,0.948705633
0.075257499,1,1,0.6,1,0,0.100286484,0.950916028
0.25,1,1,0.6,1,0,0.100477133,0.953078541
0.5,1,1,0.6,1,0,0.100514582,0.953789093
0.75,1,1,0.6,1,0,0.100519689,0.953789093
1,1,1,0.6,1,0,0.100519689,0.953789093
0,1,1,0.695424251,1,0,0.101995516,0.950184654
0.075257499,1,1,0.695424251,1,0,0.102261063,0.952362896
0.25,1,1,0.695424251,1,0,0.102439797,0.955195203
0.5,1,1,0.695424251,1,0,0.102475543,0.955195203
0.75,1,1,0.695424251,1,0,0.102478948,0.955195203
1,1,1,0.695424251,1,0,0.102478948,0.955195203
0,1,1,0.790848502,1,0,0.10277173,0.950184654
0.075257499,1,1,0.790848502,1,0,0.103033873,0.953078541
0.25,1,1,0.790848502,1,0,0.103207499,0.955195203
0.5,1,1,0.790848502,1,0,0.103241544,0.9558909
0.75,1,1,0.790848502,1,0,0.103244948,0.9558909
1,1,1,0.790848502,1,0,0.103244948,0.9558909
0,1,1,0.8,1,0,0.102812584,0.950184654
0.075257499,1,1,0.8,1,0,0.103073024,0.953078541
0.25,1,1,0.8,1,0,0.10324665,0.955195203
0.5,1,1,0.8,1,0,0.103280695,0.9558909
0.75,1,1,0.8,1,0,0.103284099,0.9558909
1,1,1,0.8,1,0,0.103284099,0.9558909
0,1,1,0.895424251,1,0,0.103061108,0.950184654
0.075257499,1,1,0.895424251,1,0,0.103319846,0.953078541
0.25,1,1,0.895424251,1,0,0.103490068,0.9558909
0.5,1,1,0.895424251,1,0,0.103525815,0.9558909
0.75,1,1,0.895424251,1,0,0.103527517,0.956581782
1,1,1,0.895424251,1,0,0.10352922,0.9558909
0,1,1,0.939794001,1,0,0.103110473,0.950184654
0.075257499,1,1,0.939794001,1,0,0.103369211,0.953789093
0.25,1,1,0.939794001,1,0,0.103539433,0.9558909
0.5,1,1,0.939794001,1,0,0.10357518,0.9558909
0.75,1,1,0.939794001,1,0,0.103576882,0.956581782
1,1,1,0.939794001,1,0,0.103578584,0.9558909
0,1,1,1,1,0,0.103147922,0.950916028
0.075257499,1,1,1,1,0,0.103406659,0.953789093
0.25,1,1,1,1,0,0.103576882,0.9558909
0.5,1,1,1,1,0,0.103610926,0.956581782
0.75,1,1,1,1,0,0.103614331,0.956581782
1,1,1,1,1,0,0.103614331,0.956581782
0,1,1,0,1,0.584962501,0.083975854,0.892090193
0.075257499,1,1,0,1,0.584962501,0.084379411,0.893395206
0.25,1,1,0,1,0.584962501,0.084688703,0.895955144
0.5,1,1,0,1,0.584962501,0.084757032,0.895955144
0.75,1,1,0,1,0.584962501,0.084764004,0.895955144
1,1,1,0,1,0.584962501,0.084764841,0.895955144
0,1,1,0.2,1,0.584962501,0.084590812,0.892090193
0.075257499,1,1,0.2,1,0.584962501,0.085002457,0.89468338
0.25,1,1,0.2,1,0.584962501,0.085315932,0.895955144
0.5,1,1,0.2,1,0.584962501,0.085385934,0.897210911
0.75,1,1,0.2,1,0.584962501,0.085392627,0.897210911
1,1,1,0.2,1,0.584962501,0.085393464,0.897210911
0,1,1,0.260205999,1,0.584962501,0.085232543,0.892090193
0.075257499,1,1,0.260205999,1,0.584962501,0.08564865,0.89468338
0.25,1,1,0.260205999,1,0.584962501,0.085967982,0.897210911
0.5,1,1,0.260205999,1,0.584962501,0.086036589,0.897210911
0.75,1,1,0.260205999,1,0.584962501,0.086043283,0.897210911
1,1,1,0.260205999,1,0.584962501,0.086044119,0.897210911
0,1,1,0.4,1,0.584962501,0.083975781,0.892090193
0.075257499,1,1,0.4,1,0.584962501,0.089503499,0.897210911
0.25,1,1,0.4,1,0.584962501,0.089849046,0.899676027
0.5,1,1,0.4,1,0.584962501,0.08992379,0.899676027
0.75,1,1,0.4,1,0.584962501,0.089931599,0.899676027
1,1,1,0.4,1,0.584962501,0.089932156,0.899676027
0,1,1,0.539794001,1,0.584962501,0.084591986,0.892090193
0.075257499,1,1,0.539794001,1,0.584962501,0.096105994,0.900886128
0.25,1,1,0.539794001,1,0.584962501,0.096502579,0.903263195
0.5,1,1,0.539794001,1,0.584962501,0.096584573,0.904430836
0.75,1,1,0.539794001,1,0.584962501,0.09659294,0.904430836
1,1,1,0.539794001,1,0.584962501,0.096593777,0.904430836
0,1,1,0.6,1,0.584962501,0.085232022,0.892090193
0.075257499,1,1,0.6,1,0.584962501,0.098241193,0.902081736
0.25,1,1,0.6,1,0.584962501,0.098652838,0.905584977
0.5,1,1,0.6,1,0.584962501,0.098739016,0.905584977
0.75,1,1,0.6,1,0.584962501,0.098747662,0.905584977
1,1,1,0.6,1,0.584962501,0.098748498,0.905584977
0,1,1,0.695424251,1,0.584962501,0.089045002,0.89468338
0.075257499,1,1,0.695424251,1,0.584962501,0.100119254,0.903263195
0.25,1,1,0.695424251,1,0.584962501,0.100545122,0.906725928
0.5,1,1,0.695424251,1,0.584962501,0.10063381,0.906725928
0.75,1,1,0.695424251,1,0.584962501,0.100642735,0.906725928
1,1,1,0.695424251,1,0.584962501,0.100643571,0.906725928
0,1,1,0.790848502,1,0.584962501,0.095561112,0.897210911
0.075257499,1,1,0.790848502,1,0.584962501,0.100855251,0.903263195
0.25,1,1,0.790848502,1,0.584962501,0.10128586,0.906725928
0.5,1,1,0.790848502,1,0.584962501,0.101375106,0.907853987
0.75,1,1,0.790848502,1,0.584962501,0.101383751,0.907853987
1,1,1,0.790848502,1,0.584962501,0.101384588,0.907853987
0,1,1,0.8,1,0.584962501,0.09766506,0.898451077
0.075257499,1,1,0.8,1,0.584962501,0.100894178,0.903263195
0.25,1,1,0.8,1,0.584962501,0.10132484,0.906725928
0.5,1,1,0.8,1,0.584962501,0.101415058,0.907853987
0.75,1,1,0.8,1,0.584962501,0.101423569,0.907853987
1,1,1,0.8,1,0.584962501,0.101423569,0.907853987
0,1,1,0.895424251,1,0.584962501,0.099513675,0.898451077
0.075257499,1,1,0.895424251,1,0.584962501,0.101129085,0.903263195
0.25,1,1,0.895424251,1,0.584962501,0.101561449,0.906725928
0.5,1,1,0.895424251,1,0.584962501,0.101649965,0.907853987
0.75,1,1,0.895424251,1,0.584962501,0.101660178,0.907853987
1,1,1,0.895424251,1,0.584962501,0.101660178,0.907853987
0,1,1,0.939794001,1,0.584962501,0.100238822,0.898451077
0.075257499,1,1,0.939794001,1,0.584962501,0.101176747,0.903263195
0.25,1,1,0.939794001,1,0.584962501,0.101609112,0.906725928
0.5,1,1,0.939794001,1,0.584962501,0.101699329,0.907853987
0.75,1,1,0.939794001,1,0.584962501,0.101707841,0.907853987
1,1,1,0.939794001,1,0.584962501,0.101707841,0.907853987
0,1,1,1,1,0.584962501,0.100276271,0.898451077
0.075257499,1,1,1,1,0.584962501,0.101212494,0.903263195
0.25,1,1,1,1,0.584962501,0.101646561,0.906725928
0.5,1,1,1,1,0.584962501,0.101735076,0.907853987
0.75,1,1,1,1,0.584962501,0.101743587,0.907853987
1,1,1,1,1,0.584962501,0.10174529,0.907853987
0,1,1,0,1,1,0.080168138,0.846214106
0.075257499,1,1,0,1,1,0.080766083,0.848272573
0.25,1,1,0,1,1,0.081231276,0.85226639
0.5,1,1,0,1,1,0.081333908,0.85226639
0.75,1,1,0,1,1,0.081344227,0.85226639
1,1,1,0,1,1,0.081345342,0.85226639
0,1,1,0.2,1,1,0.080605162,0.844112299
0.075257499,1,1,0.2,1,1,0.081221793,0.848272573
0.25,1,1,0.2,1,1,0.08170344,0.85226639
0.5,1,1,0.2,1,1,0.081808583,0.85226639
0.75,1,1,0.2,1,1,0.08181918,0.85226639
1,1,1,0.2,1,1,0.081820296,0.85226639
0,1,1,0.260205999,1,1,0.081054179,0.844112299
0.075257499,1,1,0.260205999,1,1,0.081691727,0.848272573
0.25,1,1,0.260205999,1,1,0.082190107,0.850289452
0.5,1,1,0.260205999,1,1,0.082299433,0.85226639
0.75,1,1,0.260205999,1,1,0.08231031,0.85226639
1,1,1,0.260205999,1,1,0.082311425,0.85226639
0,1,1,0.4,1,1,0.081365702,0
0.075257499,1,1,0.4,1,1,0.084378296,0.844112299
0.25,1,1,0.4,1,1,0.084995484,0.848272573
0.5,1,1,0.4,1,1,0.08512991,0.848272573
0.75,1,1,0.4,1,1,0.085143576,0.848272573
1,1,1,0.4,1,1,0.085144692,0.848272573
0,1,1,0.539794001,1,1,0.085011381,0
0.075257499,1,1,0.539794001,1,1,0.087777156,0
0.25,1,1,0.539794001,1,1,0.089032171,0.811787949
0.5,1,1,0.539794001,1,1,0.089266998,0.817494195
0.75,1,1,0.539794001,1,1,0.089290425,0.817494195
1,1,1,0.539794001,1,1,0.089292656,0.817494195
0,1,1,0.6,1,1,0.084730258,0
0.075257499,1,1,0.6,1,1,0.08749157,0
0.25,1,1,0.6,1,1,0.082952877,0
0.5,1,1,0.6,1,1,0.083630586,0
0.75,1,1,0.6,1,1,0.082988576,0
1,1,1,0.6,1,1,0.082988576,0
0,1,1,0.695424251,1,1,0.080662056,0
0.075257499,1,1,0.695424251,1,1,0.087497427,0
0.25,1,1,0.695424251,1,1,0.088809057,0
0.5,1,1,0.695424251,1,1,0.089173012,0
0.75,1,1,0.695424251,1,1,0.089206758,0
1,1,1,0.695424251,1,1,0.089200901,0
0,1,1,0.790848502,1,1,0.085896306,0
0.075257499,1,1,0.790848502,1,1,0.087467585,0
0.25,1,1,0.790848502,1,1,0.088827464,0
0.5,1,1,0.790848502,1,1,0.089140381,0
0.75,1,1,0.790848502,1,1,0.089178589,0
1,1,1,0.790848502,1,1,0.089172175,0
0,1,1,0.8,1,1,0.085892123,0
0.075257499,1,1,0.8,1,1,0.087462008,0
0.25,1,1,0.8,1,1,0.088819655,0
0.5,1,1,0.8,1,1,0.089087949,0
0.75,1,1,0.8,1,1,0.089171059,0
1,1,1,0.8,1,1,0.089176358,0
0,1,1,0.895424251,1,1,0.085845827,0
0.075257499,1,1,0.895424251,1,1,0.087430214,0
0.25,1,1,0.895424251,1,1,0.088803758,0
0.5,1,1,0.895424251,1,1,0.089107472,0
0.75,1,1,0.895424251,1,1,0.089156278,0
1,1,1,0.895424251,1,1,0.089153489,0
0,1,1,0.939794001,1,1,0.085840249,0
0.075257499,1,1,0.939794001,1,1,0.087416548,0
0.25,1,1,0.939794001,1,1,0.088753279,0
0.5,1,1,0.939794001,1,1,0.089120301,0
0.75,1,1,0.939794001,1,1,0.089151258,0
1,1,1,0.939794001,1,1,0.089143728,0
0,1,1,1,1,1,0.085872043,0
0.075257499,1,1,1,1,1,0.087449457,0
0.25,1,1,1,1,1,0.088801248,0
0.5,1,1,1,1,1,0.089117791,0
0.75,1,1,1,1,1,0.089144007,0
1,1,1,1,1,1,0.089153768,0
1,0.25,0,1,1,0,0.259667352,0.994973065
1,0.5,0,1,1,0,0.248742483,0.993080456
1,0.75,0,1,1,0,0.247782429,0.993080456
1,1,0,1,1,0,0.247687104,0.993080456
1,0.25,0.2,1,1,0,0.234619136,0.992120524
1,0.5,0.2,1,1,0,0.226451869,0.990663095
1,0.75,0.2,1,1,0,0.225718211,0.990663095
1,1,0.2,1,1,0,0.225646717,0.990663095
1,0.075257499,0.260205999,1,1,0,0.283827006,1
1,0.25,0.260205999,1,1,0,0.214490346,0.989184074
1,0.5,0.260205999,1,1,0,0.208219355,0.988185744
1,0.75,0.260205999,1,1,0,0.207645706,0.988185744
1,1,0.260205999,1,1,0,0.207589533,0.987682811
1,0.075257499,0.4,1,1,0,0.166356578,0.978720881
1,0.25,0.4,1,1,0,0.15316605,0.975355435
1,0.5,0.4,1,1,0,0.1509072,0.97478333
1,0.75,0.4,1,1,0,0.150691018,0.97478333
1,1,0.4,1,1,0,0.150668889,0.97478333
1,0,0.539794001,1,1,0,0.13105417,0.966409263
1,0.075257499,0.539794001,1,1,0,0.122309849,0.963881733
1,0.25,0.539794001,1,1,0,0.117240628,0.962593559
1,0.5,0.539794001,1,1,0,0.116248232,0.961943184
1,0.75,0.539794001,1,1,0,0.116152907,0.961943184
1,1,0.539794001,1,1,0,0.116142694,0.961943184
1,0,0.6,1,1,0,0.122200907,0.963239723
1,0.075257499,0.6,1,1,0,0.115269453,0.961288545
1,0.25,0.6,1,1,0,0.111053046,0.959966246
1,0.5,0.6,1,1,0,0.11021385,0.95929847
1,0.75,0.6,1,1,0,0.110132144,0.95929847
1,1,0.6,1,1,0,0.110123632,0.95929847
1,0,0.695424251,1,1,0,0.116173334,0.960629585
1,0.075257499,0.695424251,1,1,0,0.110304068,0.958626197
1,0.25,0.695424251,1,1,0,0.106625564,0.957949367
1,0.5,0.695424251,1,1,0,0.105885097,0.957267916
1,0.75,0.695424251,1,1,0,0.105811901,0.957267916
1,1,0.695424251,1,1,0,0.105805092,0.957267916
1,0,0.790848502,1,1,0,0.114132368,0.959966246
1,0.075257499,0.790848502,1,1,0,0.108595036,0.957949367
1,0.25,0.790848502,1,1,0,0.10509186,0.956581782
1,0.5,0.790848502,1,1,0,0.104383736,0.956581782
1,0.75,0.790848502,1,1,0,0.104313944,0.956581782
1,1,0.790848502,1,1,0,0.104307136,0.956581782
1,0,0.8,1,1,0,0.114030235,0.959966246
1,0.075257499,0.8,1,1,0,0.108509925,0.957949367
1,0.25,0.8,1,1,0,0.105013558,0.957267916
1,0.5,0.8,1,1,0,0.104307136,0.956581782
1,0.75,0.8,1,1,0,0.104237344,0.956581782
1,1,0.8,1,1,0,0.104230536,0.956581782
1,0,0.895424251,1,1,0,0.113415732,0.959966246
1,0.075257499,0.895424251,1,1,0,0.107990747,0.957949367
1,0.25,0.895424251,1,1,0,0.104547149,0.956581782
1,0.5,0.895424251,1,1,0,0.103849237,0.956581782
1,0.75,0.895424251,1,1,0,0.103781149,0.956581782
1,1,0.895424251,1,1,0,0.10377434,0.956581782
1,0,0.939794001,1,1,0,0.113293172,0.959966246
1,0.075257499,0.939794001,1,1,0,0.107886911,0.957949367
1,0.25,0.939794001,1,1,0,0.104453527,0.956581782
1,0.5,0.939794001,1,1,0,0.10375902,0.956581782
1,0.75,0.939794001,1,1,0,0.103690931,0.956581782
1,1,0.939794001,1,1,0,0.103684122,0.956581782
1,0,1,1,1,0,0.11319955,0.959966246
1,0.075257499,1,1,1,0,0.107808609,0.957949367
1,0.25,1,1,1,0,0.104382033,0.956581782
1,0.5,1,1,1,0,0.103689229,0.956581782
1,0.75,1,1,1,0,0.10362114,0.956581782
1,1,1,1,1,0,0.103614331,0.956581782
0,1,1,1,0,0,0.413708344,0
0.075257499,1,1,1,0,0,0.554729032,0
0.150514998,1,1,1,0,0,0.731693865,0
0.194537813,1,1,1,0,0,0.847039919,0.895967781
0.225772497,1,1,1,0,0,0.93244046,0.908980533
0.25,1,1,1,0,0,1,0.917481112
0,1,1,1,0.150514998,0,0.401469359,0
0.075257499,1,1,1,0.150514998,0,0.537386781,0.460737265
0.150514998,1,1,1,0.150514998,0,0.693286602,0.916457289
0.194537813,1,1,1,0.150514998,0,0.785528379,0.936862321
0.225772497,1,1,1,0.150514998,0,0.849937103,0.947965329
0.25,1,1,1,0.150514998,0,0.898925386,0.955202184
0,1,1,1,0.349485002,0,0.38110396,0
0.075257499,1,1,1,0.349485002,0,0.483828028,0.930810561
0.150514998,1,1,1,0.349485002,0,0.570901855,0.965153497
0.194537813,1,1,1,0.349485002,0,0.611794365,0.978720881
0.225772497,1,1,1,0.349485002,0,0.63612254,0.98564535
0.25,1,1,1,0.349485002,0,0.652414519,0.990172519
0,1,1,1,0.5,0,0.340720415,0.927170989
0.075257499,1,1,1,0.5,0,0.393138678,0.963239723
0.150514998,1,1,1,0.5,0,0.425547307,0.984610811
0.194537813,1,1,1,0.5,0,0.437350524,0.992120524
0.225772497,1,1,1,0.5,0,0.443429163,0.995906082
0.25,1,1,1,0.5,0,0.447129796,0.998653929
0,1,1,1,0.650514998,0,0.265259155,0.956581782
0.075257499,1,1,1,0.650514998,0,0.280609804,0.976489903
0.150514998,1,1,1,0.650514998,0,0.287759142,0.986669278
0.194537813,1,1,1,0.650514998,0,0.289989055,0.990172519
0.225772497,1,1,1,0.650514998,0,0.291066562,0.992120524
0.25,1,1,1,0.650514998,0,0.291699789,0.993080456
0,1,1,1,0.738560627,0,0.215620622,0.963239723
0.075257499,1,1,1,0.738560627,0,0.221561381,0.975924281
0.150514998,1,1,1,0.738560627,0,0.224107907,0.981976565
0.194537813,1,1,1,0.738560627,0,0.224879014,0.984089493
0.225772497,1,1,1,0.738560627,0,0.225250099,0.98512942
0.25,1,1,1,0.738560627,0,0.225464579,0.986158627
0,1,1,1,0.801029996,0,0.182840909,0.963881733
0.075257499,1,1,1,0.801029996,0,0.185685324,0.972461548
0.150514998,1,1,1,0.801029996,0,0.186875178,0.977052339
0.194537813,1,1,1,0.801029996,0,0.187234347,0.978720881
0.225772497,1,1,1,0.801029996,0,0.187406271,0.979270922
0.25,1,1,1,0.801029996,0,0.187505,0.979817949
0,1,1,1,0.849485002,0,0.159830254,0.962593559
0.075257499,1,1,1,0.849485002,0,0.161408215,0.968874379
0.150514998,1,1,1,0.849485002,0,0.162063571,0.972461548
0.194537813,1,1,1,0.849485002,0,0.162261029,0.973629188
0.225772497,1,1,1,0.849485002,0,0.162354651,0.974207927
0.25,1,1,1,0.849485002,0,0.162410825,0.97478333
0,1,1,1,0.889075625,0,0.142775679,0.959966246
0.075257499,1,1,1,0.889075625,0,0.143744244,0.965783355
0.150514998,1,1,1,0.889075625,0,0.144147671,0.968263783
0.194537813,1,1,1,0.889075625,0,0.144271934,0.968874379
0.225772497,1,1,1,0.889075625,0,0.144329809,0.969481263
0.25,1,1,1,0.889075625,0,0.144363854,0.97008448
0,1,1,1,0.92254902,0,0.129583449,0.957949367
0.075257499,1,1,1,0.92254902,0,0.130228592,0.962593559
0.150514998,1,1,1,0.92254902,0,0.130497543,0.96451964
0.194537813,1,1,1,0.92254902,0,0.13057925,0.965153497
0.225772497,1,1,1,0.92254902,0,0.130618401,0.965783355
0.25,1,1,1,0.92254902,0,0.130642232,0.965783355
0,1,1,1,0.951544993,0,0.11904158,0.955195203
0.075257499,1,1,1,0.951544993,0,0.119494372,0.95929847
0.150514998,1,1,1,0.951544993,0,0.119686723,0.961288545
0.194537813,1,1,1,0.951544993,0,0.119744598,0.961943184
0.225772497,1,1,1,0.951544993,0,0.119771834,0.961943184
0.25,1,1,1,0.951544993,0,0.119790558,0.961943184
0,1,1,1,0.977121255,0,0.110390882,0.953078541
0.075257499,1,1,1,0.977121255,0,0.110729624,0.9558909
0.150514998,1,1,1,0.977121255,0,0.110870908,0.957949367
0.194537813,1,1,1,0.977121255,0,0.110915166,0.958626197
0.225772497,1,1,1,0.977121255,0,0.110935593,0.958626197
0.25,1,1,1,0.977121255,0,0.110947509,0.958626197
0,1,1,1,1,0,0.103147922,0.950916028
0.075257499,1,1,1,1,0,0.103406659,0.953789093
0.150514998,1,1,1,1,0,0.103517304,0.955195203
0.194537813,1,1,1,1,0,0.103551348,0.955195203
0.225772497,1,1,1,1,0,0.103568371,0.9558909
0.25,1,1,1,1,0,0.103576882,0.9558909
