Jm^(L),Jm^(M),(k/u)^(L),(k/u)^(M),u^(L)/u^(M),volf,cirtical strain,cirtical wavenumber
0.1000000 ,0.1000000 ,0.0100000 ,0.0100000 ,100.0000000 ,0.0400000 ,0.0840000 ,1.7800000 
0.2000000 ,0.2000000 ,0.0100000 ,0.0100000 ,100.0000000 ,0.0400000 ,0.0824000 ,1.8300000 
0.3000000 ,0.3000000 ,0.0100000 ,0.0100000 ,100.0000000 ,0.0400000 ,0.0819000 ,1.8400000 
0.5000000 ,0.5000000 ,0.0100000 ,0.0100000 ,100.0000000 ,0.0400000 ,0.0815000 ,1.8500000 
0.8000000 ,0.8000000 ,0.0100000 ,0.0100000 ,100.0000000 ,0.0400000 ,0.0813000 ,1.8600000 
1.0000000 ,1.0000000 ,0.0100000 ,0.0100000 ,100.0000000 ,0.0400000 ,0.0812000 ,1.8600000 
2.0000000 ,2.0000000 ,0.0100000 ,0.0100000 ,100.0000000 ,0.0400000 ,0.0811000 ,1.8700000 
5.0000000 ,5.0000000 ,0.0100000 ,0.0100000 ,100.0000000 ,0.0400000 ,0.0810000 ,1.8700000 
8.0000000 ,8.0000000 ,0.0100000 ,0.0100000 ,100.0000000 ,0.0400000 ,0.0810000 ,1.8700000 
10.0000000 ,10.0000000 ,0.0100000 ,0.0100000 ,100.0000000 ,0.0400000 ,0.0810000 ,1.8700000 
100.0000000 ,100.0000000 ,0.0100000 ,0.0100000 ,100.0000000 ,0.0400000 ,0.0809000 ,1.8700000 
1000.0000000 ,1000.0000000 ,0.0100000 ,0.0100000 ,100.0000000 ,0.0400000 ,0.0809000 ,1.8700000 
0.1000000 ,0.1000000 ,0.1000000 ,0.1000000 ,100.0000000 ,0.0400000 ,0.0758000 ,1.7600000 
0.2000000 ,0.2000000 ,0.1000000 ,0.1000000 ,100.0000000 ,0.0400000 ,0.0744000 ,1.7900000 
0.3000000 ,0.3000000 ,0.1000000 ,0.1000000 ,100.0000000 ,0.0400000 ,0.0739000 ,1.8000000 
0.5000000 ,0.5000000 ,0.1000000 ,0.1000000 ,100.0000000 ,0.0400000 ,0.0736000 ,1.8100000 
0.8000000 ,0.8000000 ,0.1000000 ,0.1000000 ,100.0000000 ,0.0400000 ,0.0734000 ,1.8100000 
1.0000000 ,1.0000000 ,0.1000000 ,0.1000000 ,100.0000000 ,0.0400000 ,0.0733000 ,1.8100000 
2.0000000 ,2.0000000 ,0.1000000 ,0.1000000 ,100.0000000 ,0.0400000 ,0.0732000 ,1.8200000 
5.0000000 ,5.0000000 ,0.1000000 ,0.1000000 ,100.0000000 ,0.0400000 ,0.0731000 ,1.8200000 
8.0000000 ,8.0000000 ,0.1000000 ,0.1000000 ,100.0000000 ,0.0400000 ,0.0731000 ,1.8200000 
10.0000000 ,10.0000000 ,0.1000000 ,0.1000000 ,100.0000000 ,0.0400000 ,0.0731000 ,1.8200000 
100.0000000 ,100.0000000 ,0.1000000 ,0.1000000 ,100.0000000 ,0.0400000 ,0.0731000 ,1.8200000 
1000.0000000 ,1000.0000000 ,0.1000000 ,0.1000000 ,100.0000000 ,0.0400000 ,0.0731000 ,1.8200000 
0.1000000 ,0.1000000 ,0.2000000 ,0.2000000 ,100.0000000 ,0.0400000 ,0.0692000 ,1.7300000 
0.2000000 ,0.2000000 ,0.2000000 ,0.2000000 ,100.0000000 ,0.0400000 ,0.0680000 ,1.7500000 
0.3000000 ,0.3000000 ,0.2000000 ,0.2000000 ,100.0000000 ,0.0400000 ,0.0676000 ,1.7600000 
0.5000000 ,0.5000000 ,0.2000000 ,0.2000000 ,100.0000000 ,0.0400000 ,0.0673000 ,1.7600000 
0.8000000 ,0.8000000 ,0.2000000 ,0.2000000 ,100.0000000 ,0.0400000 ,0.0671000 ,1.7600000 
1.0000000 ,1.0000000 ,0.2000000 ,0.2000000 ,100.0000000 ,0.0400000 ,0.0670000 ,1.7700000 
2.0000000 ,2.0000000 ,0.2000000 ,0.2000000 ,100.0000000 ,0.0400000 ,0.0669000 ,1.7700000 
5.0000000 ,5.0000000 ,0.2000000 ,0.2000000 ,100.0000000 ,0.0400000 ,0.0669000 ,1.7700000 
8.0000000 ,8.0000000 ,0.2000000 ,0.2000000 ,100.0000000 ,0.0400000 ,0.0668000 ,1.7700000 
10.0000000 ,10.0000000 ,0.2000000 ,0.2000000 ,100.0000000 ,0.0400000 ,0.0668000 ,1.7700000 
100.0000000 ,100.0000000 ,0.2000000 ,0.2000000 ,100.0000000 ,0.0400000 ,0.0668000 ,1.7700000 
1000.0000000 ,1000.0000000 ,0.2000000 ,0.2000000 ,100.0000000 ,0.0400000 ,0.0668000 ,1.7700000 
0.1000000 ,0.1000000 ,1.0000000 ,1.0000000 ,100.0000000 ,0.0400000 ,0.0505000 ,1.5700000 
0.2000000 ,0.2000000 ,1.0000000 ,1.0000000 ,100.0000000 ,0.0400000 ,0.0496000 ,1.5700000 
0.3000000 ,0.3000000 ,1.0000000 ,1.0000000 ,100.0000000 ,0.0400000 ,0.0493000 ,1.5700000 
0.5000000 ,0.5000000 ,1.0000000 ,1.0000000 ,100.0000000 ,0.0400000 ,0.0490000 ,1.5800000 
0.8000000 ,0.8000000 ,1.0000000 ,1.0000000 ,100.0000000 ,0.0400000 ,0.0489000 ,1.5800000 
1.0000000 ,1.0000000 ,1.0000000 ,1.0000000 ,100.0000000 ,0.0400000 ,0.0488000 ,1.5800000 
2.0000000 ,2.0000000 ,1.0000000 ,1.0000000 ,100.0000000 ,0.0400000 ,0.0487000 ,1.5800000 
5.0000000 ,5.0000000 ,1.0000000 ,1.0000000 ,100.0000000 ,0.0400000 ,0.0487000 ,1.5800000 
8.0000000 ,8.0000000 ,1.0000000 ,1.0000000 ,100.0000000 ,0.0400000 ,0.0487000 ,1.5800000 
10.0000000 ,10.0000000 ,1.0000000 ,1.0000000 ,100.0000000 ,0.0400000 ,0.0487000 ,1.5800000 
100.0000000 ,100.0000000 ,1.0000000 ,1.0000000 ,100.0000000 ,0.0400000 ,0.0486000 ,1.5800000 
1000.0000000 ,1000.0000000 ,1.0000000 ,1.0000000 ,100.0000000 ,0.0400000 ,0.0486000 ,1.5800000 
0.1000000 ,0.1000000 ,5.0000000 ,5.0000000 ,100.0000000 ,0.0400000 ,0.0419000 ,1.4400000 
0.2000000 ,0.2000000 ,5.0000000 ,5.0000000 ,100.0000000 ,0.0400000 ,0.0407000 ,1.4600000 
0.3000000 ,0.3000000 ,5.0000000 ,5.0000000 ,100.0000000 ,0.0400000 ,0.0403000 ,1.4600000 
0.5000000 ,0.5000000 ,5.0000000 ,5.0000000 ,100.0000000 ,0.0400000 ,0.0400000 ,1.4600000 
0.8000000 ,0.8000000 ,5.0000000 ,5.0000000 ,100.0000000 ,0.0400000 ,0.0399000 ,1.4700000 
1.0000000 ,1.0000000 ,5.0000000 ,5.0000000 ,100.0000000 ,0.0400000 ,0.0398000 ,1.4700000 
2.0000000 ,2.0000000 ,5.0000000 ,5.0000000 ,100.0000000 ,0.0400000 ,0.0397000 ,1.4700000 
5.0000000 ,5.0000000 ,5.0000000 ,5.0000000 ,100.0000000 ,0.0400000 ,0.0396000 ,1.4700000 
8.0000000 ,8.0000000 ,5.0000000 ,5.0000000 ,100.0000000 ,0.0400000 ,0.0396000 ,1.4700000 
10.0000000 ,10.0000000 ,5.0000000 ,5.0000000 ,100.0000000 ,0.0400000 ,0.0396000 ,1.4700000 
100.0000000 ,100.0000000 ,5.0000000 ,5.0000000 ,100.0000000 ,0.0400000 ,0.0396000 ,1.4700000 
1000.0000000 ,1000.0000000 ,5.0000000 ,5.0000000 ,100.0000000 ,0.0400000 ,0.0396000 ,1.4700000 
0.1000000 ,0.1000000 ,10.0000000 ,10.0000000 ,100.0000000 ,0.0400000 ,0.0409000 ,1.4200000 
0.2000000 ,0.2000000 ,10.0000000 ,10.0000000 ,100.0000000 ,0.0400000 ,0.0395000 ,1.4400000 
0.3000000 ,0.3000000 ,10.0000000 ,10.0000000 ,100.0000000 ,0.0400000 ,0.0391000 ,1.4400000 
0.5000000 ,0.5000000 ,10.0000000 ,10.0000000 ,100.0000000 ,0.0400000 ,0.0388000 ,1.4500000 
0.8000000 ,0.8000000 ,10.0000000 ,10.0000000 ,100.0000000 ,0.0400000 ,0.0386000 ,1.4500000 
1.0000000 ,1.0000000 ,10.0000000 ,10.0000000 ,100.0000000 ,0.0400000 ,0.0386000 ,1.4500000 
2.0000000 ,2.0000000 ,10.0000000 ,10.0000000 ,100.0000000 ,0.0400000 ,0.0384000 ,1.4500000 
5.0000000 ,5.0000000 ,10.0000000 ,10.0000000 ,100.0000000 ,0.0400000 ,0.0384000 ,1.4600000 
8.0000000 ,8.0000000 ,10.0000000 ,10.0000000 ,100.0000000 ,0.0400000 ,0.0384000 ,1.4500000 
10.0000000 ,10.0000000 ,10.0000000 ,10.0000000 ,100.0000000 ,0.0400000 ,0.0384000 ,1.4600000 
100.0000000 ,100.0000000 ,10.0000000 ,10.0000000 ,100.0000000 ,0.0400000 ,0.0383000 ,1.4600000 
1000.0000000 ,1000.0000000 ,10.0000000 ,10.0000000 ,100.0000000 ,0.0400000 ,0.0383000 ,1.4600000 
0.1000000 ,0.1000000 ,30.0000000 ,30.0000000 ,100.0000000 ,0.0400000 ,0.0404000 ,1.4000000 
0.2000000 ,0.2000000 ,30.0000000 ,30.0000000 ,100.0000000 ,0.0400000 ,0.0388000 ,1.4300000 
0.3000000 ,0.3000000 ,30.0000000 ,30.0000000 ,100.0000000 ,0.0400000 ,0.0384000 ,1.4300000 
0.5000000 ,0.5000000 ,30.0000000 ,30.0000000 ,100.0000000 ,0.0400000 ,0.0380000 ,1.4400000 
0.8000000 ,0.8000000 ,30.0000000 ,30.0000000 ,100.0000000 ,0.0400000 ,0.0378000 ,1.4400000 
1.0000000 ,1.0000000 ,30.0000000 ,30.0000000 ,100.0000000 ,0.0400000 ,0.0378000 ,1.4500000 
2.0000000 ,2.0000000 ,30.0000000 ,30.0000000 ,100.0000000 ,0.0400000 ,0.0376000 ,1.4500000 
5.0000000 ,5.0000000 ,30.0000000 ,30.0000000 ,100.0000000 ,0.0400000 ,0.0376000 ,1.4500000 
8.0000000 ,8.0000000 ,30.0000000 ,30.0000000 ,100.0000000 ,0.0400000 ,0.0376000 ,1.4500000 
10.0000000 ,10.0000000 ,30.0000000 ,30.0000000 ,100.0000000 ,0.0400000 ,0.0375000 ,1.4500000 
100.0000000 ,100.0000000 ,30.0000000 ,30.0000000 ,100.0000000 ,0.0400000 ,0.0375000 ,1.4500000 
1000.0000000 ,1000.0000000 ,30.0000000 ,30.0000000 ,100.0000000 ,0.0400000 ,0.0375000 ,1.4500000 
0.1000000 ,0.1000000 ,90.0000000 ,90.0000000 ,100.0000000 ,0.0400000 ,0.0403000 ,1.4000000 
0.2000000 ,0.2000000 ,90.0000000 ,90.0000000 ,100.0000000 ,0.0400000 ,0.0386000 ,1.4200000 
0.3000000 ,0.3000000 ,90.0000000 ,90.0000000 ,100.0000000 ,0.0400000 ,0.0382000 ,1.4300000 
0.5000000 ,0.5000000 ,90.0000000 ,90.0000000 ,100.0000000 ,0.0400000 ,0.0378000 ,1.4400000 
0.8000000 ,0.8000000 ,90.0000000 ,90.0000000 ,100.0000000 ,0.0400000 ,0.0376000 ,1.4400000 
1.0000000 ,1.0000000 ,90.0000000 ,90.0000000 ,100.0000000 ,0.0400000 ,0.0375000 ,1.4400000 
2.0000000 ,2.0000000 ,90.0000000 ,90.0000000 ,100.0000000 ,0.0400000 ,0.0374000 ,1.4500000 
5.0000000 ,5.0000000 ,90.0000000 ,90.0000000 ,100.0000000 ,0.0400000 ,0.0373000 ,1.4500000 
8.0000000 ,8.0000000 ,90.0000000 ,90.0000000 ,100.0000000 ,0.0400000 ,0.0373000 ,1.4500000 
10.0000000 ,10.0000000 ,90.0000000 ,90.0000000 ,100.0000000 ,0.0400000 ,0.0373000 ,1.4500000 
100.0000000 ,100.0000000 ,90.0000000 ,90.0000000 ,100.0000000 ,0.0400000 ,0.0373000 ,1.4500000 
1000.0000000 ,1000.0000000 ,90.0000000 ,90.0000000 ,100.0000000 ,0.0400000 ,0.0373000 ,1.4500000 
0.1000000 ,0.1000000 ,100.0000000 ,100.0000000 ,100.0000000 ,0.0400000 ,0.0403000 ,1.3900000 
0.2000000 ,0.2000000 ,100.0000000 ,100.0000000 ,100.0000000 ,0.0400000 ,0.0386000 ,1.4200000 
0.3000000 ,0.3000000 ,100.0000000 ,100.0000000 ,100.0000000 ,0.0400000 ,0.0381000 ,1.4300000 
0.5000000 ,0.5000000 ,100.0000000 ,100.0000000 ,100.0000000 ,0.0400000 ,0.0378000 ,1.4400000 
0.8000000 ,0.8000000 ,100.0000000 ,100.0000000 ,100.0000000 ,0.0400000 ,0.0376000 ,1.4400000 
1.0000000 ,1.0000000 ,100.0000000 ,100.0000000 ,100.0000000 ,0.0400000 ,0.0375000 ,1.4400000 
2.0000000 ,2.0000000 ,100.0000000 ,100.0000000 ,100.0000000 ,0.0400000 ,0.0374000 ,1.4400000 
5.0000000 ,5.0000000 ,100.0000000 ,100.0000000 ,100.0000000 ,0.0400000 ,0.0373000 ,1.4500000 
8.0000000 ,8.0000000 ,100.0000000 ,100.0000000 ,100.0000000 ,0.0400000 ,0.0373000 ,1.4500000 
10.0000000 ,10.0000000 ,100.0000000 ,100.0000000 ,100.0000000 ,0.0400000 ,0.0373000 ,1.4500000 
100.0000000 ,100.0000000 ,100.0000000 ,100.0000000 ,100.0000000 ,0.0400000 ,0.0373000 ,1.4500000 
1000.0000000 ,1000.0000000 ,100.0000000 ,100.0000000 ,100.0000000 ,0.0400000 ,0.0373000 ,1.4500000 
0.1000000 ,0.1000000 ,300.0000000 ,300.0000000 ,100.0000000 ,0.0400000 ,0.0403000 ,1.3900000 
0.2000000 ,0.2000000 ,300.0000000 ,300.0000000 ,100.0000000 ,0.0400000 ,0.0386000 ,1.4200000 
0.3000000 ,0.3000000 ,300.0000000 ,300.0000000 ,100.0000000 ,0.0400000 ,0.0381000 ,1.4300000 
0.5000000 ,0.5000000 ,300.0000000 ,300.0000000 ,100.0000000 ,0.0400000 ,0.0377000 ,1.4400000 
0.8000000 ,0.8000000 ,300.0000000 ,300.0000000 ,100.0000000 ,0.0400000 ,0.0375000 ,1.4400000 
1.0000000 ,1.0000000 ,300.0000000 ,300.0000000 ,100.0000000 ,0.0400000 ,0.0374000 ,1.4400000 
2.0000000 ,2.0000000 ,300.0000000 ,300.0000000 ,100.0000000 ,0.0400000 ,0.0373000 ,1.4400000 
5.0000000 ,5.0000000 ,300.0000000 ,300.0000000 ,100.0000000 ,0.0400000 ,0.0372000 ,1.4500000 
8.0000000 ,8.0000000 ,300.0000000 ,300.0000000 ,100.0000000 ,0.0400000 ,0.0372000 ,1.4500000 
10.0000000 ,10.0000000 ,300.0000000 ,300.0000000 ,100.0000000 ,0.0400000 ,0.0372000 ,1.4500000 
100.0000000 ,100.0000000 ,300.0000000 ,300.0000000 ,100.0000000 ,0.0400000 ,0.0372000 ,1.4500000 
1000.0000000 ,1000.0000000 ,300.0000000 ,300.0000000 ,100.0000000 ,0.0400000 ,0.0372000 ,1.4500000 
0.1000000 ,0.1000000 ,500.0000000 ,500.0000000 ,100.0000000 ,0.0400000 ,0.0403000 ,1.3900000 
0.2000000 ,0.2000000 ,500.0000000 ,500.0000000 ,100.0000000 ,0.0400000 ,0.0386000 ,1.4200000 
0.3000000 ,0.3000000 ,500.0000000 ,500.0000000 ,100.0000000 ,0.0400000 ,0.0381000 ,1.4300000 
0.5000000 ,0.5000000 ,500.0000000 ,500.0000000 ,100.0000000 ,0.0400000 ,0.0377000 ,1.4400000 
0.8000000 ,0.8000000 ,500.0000000 ,500.0000000 ,100.0000000 ,0.0400000 ,0.0375000 ,1.4400000 
1.0000000 ,1.0000000 ,500.0000000 ,500.0000000 ,100.0000000 ,0.0400000 ,0.0374000 ,1.4400000 
2.0000000 ,2.0000000 ,500.0000000 ,500.0000000 ,100.0000000 ,0.0400000 ,0.0373000 ,1.4400000 
5.0000000 ,5.0000000 ,500.0000000 ,500.0000000 ,100.0000000 ,0.0400000 ,0.0372000 ,1.4500000 
8.0000000 ,8.0000000 ,500.0000000 ,500.0000000 ,100.0000000 ,0.0400000 ,0.0372000 ,1.4500000 
10.0000000 ,10.0000000 ,500.0000000 ,500.0000000 ,100.0000000 ,0.0400000 ,0.0372000 ,1.4500000 
100.0000000 ,100.0000000 ,500.0000000 ,500.0000000 ,100.0000000 ,0.0400000 ,0.0372000 ,1.4500000 
1000.0000000 ,1000.0000000 ,500.0000000 ,500.0000000 ,100.0000000 ,0.0400000 ,0.0372000 ,1.4500000 
0.1000000 ,0.1000000 ,1000.0000000 ,1000.0000000 ,100.0000000 ,0.0400000 ,0.0403000 ,1.3900000 
0.2000000 ,0.2000000 ,1000.0000000 ,1000.0000000 ,100.0000000 ,0.0400000 ,0.0386000 ,1.4200000 
0.3000000 ,0.3000000 ,1000.0000000 ,1000.0000000 ,100.0000000 ,0.0400000 ,0.0381000 ,1.4300000 
0.5000000 ,0.5000000 ,1000.0000000 ,1000.0000000 ,100.0000000 ,0.0400000 ,0.0377000 ,1.4400000 
0.8000000 ,0.8000000 ,1000.0000000 ,1000.0000000 ,100.0000000 ,0.0400000 ,0.0375000 ,1.4400000 
1.0000000 ,1.0000000 ,1000.0000000 ,1000.0000000 ,100.0000000 ,0.0400000 ,0.0374000 ,1.4400000 
2.0000000 ,2.0000000 ,1000.0000000 ,1000.0000000 ,100.0000000 ,0.0400000 ,0.0373000 ,1.4400000 
5.0000000 ,5.0000000 ,1000.0000000 ,1000.0000000 ,100.0000000 ,0.0400000 ,0.0372000 ,1.4400000 
8.0000000 ,8.0000000 ,1000.0000000 ,1000.0000000 ,100.0000000 ,0.0400000 ,0.0372000 ,1.4500000 
10.0000000 ,10.0000000 ,1000.0000000 ,1000.0000000 ,100.0000000 ,0.0400000 ,0.0372000 ,1.4500000 
100.0000000 ,100.0000000 ,1000.0000000 ,1000.0000000 ,100.0000000 ,0.0400000 ,0.0372000 ,1.4500000 
1000.0000000 ,1000.0000000 ,1000.0000000 ,1000.0000000 ,100.0000000 ,0.0400000 ,0.0372000 ,1.4500000 
0.1000000 ,0.1000000 ,0.0100000 ,0.0100000 ,100.0000000 ,0.0600000 ,0.0838000 ,1.1800000 
0.2000000 ,0.2000000 ,0.0100000 ,0.0100000 ,100.0000000 ,0.0600000 ,0.0823000 ,1.2100000 
1.0000000 ,1.0000000 ,0.0100000 ,0.0100000 ,100.0000000 ,0.0600000 ,0.0811000 ,1.2300000 
10.0000000 ,10.0000000 ,0.0100000 ,0.0100000 ,100.0000000 ,0.0600000 ,0.0809000 ,1.2400000 
100.0000000 ,100.0000000 ,0.0100000 ,0.0100000 ,100.0000000 ,0.0600000 ,0.0809000 ,1.2400000 
1000.0000000 ,1000.0000000 ,0.0100000 ,0.0100000 ,100.0000000 ,0.0600000 ,0.0809000 ,1.2400000 
0.1000000 ,0.1000000 ,0.1000000 ,0.1000000 ,100.0000000 ,0.0600000 ,0.0756000 ,1.1600000 
0.2000000 ,0.2000000 ,0.1000000 ,0.1000000 ,100.0000000 ,0.0600000 ,0.0742000 ,1.1800000 
1.0000000 ,1.0000000 ,0.1000000 ,0.1000000 ,100.0000000 ,0.0600000 ,0.0732000 ,1.2000000 
10.0000000 ,10.0000000 ,0.1000000 ,0.1000000 ,100.0000000 ,0.0600000 ,0.0730000 ,1.2000000 
100.0000000 ,100.0000000 ,0.1000000 ,0.1000000 ,100.0000000 ,0.0600000 ,0.0730000 ,1.2000000 
1000.0000000 ,1000.0000000 ,0.1000000 ,0.1000000 ,100.0000000 ,0.0600000 ,0.0730000 ,1.2000000 
0.1000000 ,0.1000000 ,0.2000000 ,0.2000000 ,100.0000000 ,0.0600000 ,0.0691000 ,1.1400000 
0.2000000 ,0.2000000 ,0.2000000 ,0.2000000 ,100.0000000 ,0.0600000 ,0.0678000 ,1.1600000 
1.0000000 ,1.0000000 ,0.2000000 ,0.2000000 ,100.0000000 ,0.0600000 ,0.0669000 ,1.1700000 
10.0000000 ,10.0000000 ,0.2000000 ,0.2000000 ,100.0000000 ,0.0600000 ,0.0667000 ,1.1700000 
100.0000000 ,100.0000000 ,0.2000000 ,0.2000000 ,100.0000000 ,0.0600000 ,0.0667000 ,1.1700000 
1000.0000000 ,1000.0000000 ,0.2000000 ,0.2000000 ,100.0000000 ,0.0600000 ,0.0667000 ,1.1700000 
0.1000000 ,0.1000000 ,1.0000000 ,1.0000000 ,100.0000000 ,0.0600000 ,0.0502000 ,1.0100000 
0.2000000 ,0.2000000 ,1.0000000 ,1.0000000 ,100.0000000 ,0.0600000 ,0.0493000 ,1.0200000 
1.0000000 ,1.0000000 ,1.0000000 ,1.0000000 ,100.0000000 ,0.0600000 ,0.0486000 ,1.0300000 
10.0000000 ,10.0000000 ,1.0000000 ,1.0000000 ,100.0000000 ,0.0600000 ,0.0484000 ,1.0300000 
100.0000000 ,100.0000000 ,1.0000000 ,1.0000000 ,100.0000000 ,0.0600000 ,0.0484000 ,1.0300000 
1000.0000000 ,1000.0000000 ,1.0000000 ,1.0000000 ,100.0000000 ,0.0600000 ,0.0484000 ,1.0300000 
0.1000000 ,0.1000000 ,5.0000000 ,5.0000000 ,100.0000000 ,0.0600000 ,0.0410000 ,0.8900000 
0.2000000 ,0.2000000 ,5.0000000 ,5.0000000 ,100.0000000 ,0.0600000 ,0.0400000 ,0.9100000 
1.0000000 ,1.0000000 ,5.0000000 ,5.0000000 ,100.0000000 ,0.0600000 ,0.0393000 ,0.9300000 
10.0000000 ,10.0000000 ,5.0000000 ,5.0000000 ,100.0000000 ,0.0600000 ,0.0391000 ,0.9300000 
100.0000000 ,100.0000000 ,5.0000000 ,5.0000000 ,100.0000000 ,0.0600000 ,0.0391000 ,0.9300000 
1000.0000000 ,1000.0000000 ,5.0000000 ,5.0000000 ,100.0000000 ,0.0600000 ,0.0391000 ,0.9300000 
0.1000000 ,0.1000000 ,10.0000000 ,10.0000000 ,100.0000000 ,0.0600000 ,0.0397000 ,0.8500000 
0.2000000 ,0.2000000 ,10.0000000 ,10.0000000 ,100.0000000 ,0.0600000 ,0.0387000 ,0.8800000 
1.0000000 ,1.0000000 ,10.0000000 ,10.0000000 ,100.0000000 ,0.0600000 ,0.0380000 ,0.9100000 
10.0000000 ,10.0000000 ,10.0000000 ,10.0000000 ,100.0000000 ,0.0600000 ,0.0378000 ,0.9100000 
100.0000000 ,100.0000000 ,10.0000000 ,10.0000000 ,100.0000000 ,0.0600000 ,0.0378000 ,0.9100000 
1000.0000000 ,1000.0000000 ,10.0000000 ,10.0000000 ,100.0000000 ,0.0600000 ,0.0378000 ,0.9100000 
0.1000000 ,0.1000000 ,30.0000000 ,30.0000000 ,100.0000000 ,0.0600000 ,0.0389000 ,0.8200000 
0.2000000 ,0.2000000 ,30.0000000 ,30.0000000 ,100.0000000 ,0.0600000 ,0.0379000 ,0.8600000 
1.0000000 ,1.0000000 ,30.0000000 ,30.0000000 ,100.0000000 ,0.0600000 ,0.0371000 ,0.8900000 
10.0000000 ,10.0000000 ,30.0000000 ,30.0000000 ,100.0000000 ,0.0600000 ,0.0369000 ,0.9000000 
100.0000000 ,100.0000000 ,30.0000000 ,30.0000000 ,100.0000000 ,0.0600000 ,0.0369000 ,0.9000000 
1000.0000000 ,1000.0000000 ,30.0000000 ,30.0000000 ,100.0000000 ,0.0600000 ,0.0369000 ,0.9000000 
0.1000000 ,0.1000000 ,90.0000000 ,90.0000000 ,100.0000000 ,0.0600000 ,0.0386000 ,0.8100000 
0.2000000 ,0.2000000 ,90.0000000 ,90.0000000 ,100.0000000 ,0.0600000 ,0.0376000 ,0.8500000 
1.0000000 ,1.0000000 ,90.0000000 ,90.0000000 ,100.0000000 ,0.0600000 ,0.0368000 ,0.8900000 
10.0000000 ,10.0000000 ,90.0000000 ,90.0000000 ,100.0000000 ,0.0600000 ,0.0366000 ,0.8900000 
100.0000000 ,100.0000000 ,90.0000000 ,90.0000000 ,100.0000000 ,0.0600000 ,0.0366000 ,0.8900000 
1000.0000000 ,1000.0000000 ,90.0000000 ,90.0000000 ,100.0000000 ,0.0600000 ,0.0366000 ,0.8900000 
0.1000000 ,0.1000000 ,100.0000000 ,100.0000000 ,100.0000000 ,0.0600000 ,0.0386000 ,0.8000000 
0.2000000 ,0.2000000 ,100.0000000 ,100.0000000 ,100.0000000 ,0.0600000 ,0.0376000 ,0.8500000 
1.0000000 ,1.0000000 ,100.0000000 ,100.0000000 ,100.0000000 ,0.0600000 ,0.0368000 ,0.8900000 
10.0000000 ,10.0000000 ,100.0000000 ,100.0000000 ,100.0000000 ,0.0600000 ,0.0366000 ,0.8900000 
100.0000000 ,100.0000000 ,100.0000000 ,100.0000000 ,100.0000000 ,0.0600000 ,0.0366000 ,0.8900000 
1000.0000000 ,1000.0000000 ,100.0000000 ,100.0000000 ,100.0000000 ,0.0600000 ,0.0366000 ,0.8900000 
0.1000000 ,0.1000000 ,300.0000000 ,300.0000000 ,100.0000000 ,0.0600000 ,0.0385000 ,0.8000000 
0.2000000 ,0.2000000 ,300.0000000 ,300.0000000 ,100.0000000 ,0.0600000 ,0.0375000 ,0.8500000 
1.0000000 ,1.0000000 ,300.0000000 ,300.0000000 ,100.0000000 ,0.0600000 ,0.0367000 ,0.8800000 
10.0000000 ,10.0000000 ,300.0000000 ,300.0000000 ,100.0000000 ,0.0600000 ,0.0365000 ,0.8900000 
100.0000000 ,100.0000000 ,300.0000000 ,300.0000000 ,100.0000000 ,0.0600000 ,0.0365000 ,0.8900000 
1000.0000000 ,1000.0000000 ,300.0000000 ,300.0000000 ,100.0000000 ,0.0600000 ,0.0365000 ,0.8900000 
0.1000000 ,0.1000000 ,500.0000000 ,500.0000000 ,100.0000000 ,0.0600000 ,0.0385000 ,0.8000000 
0.2000000 ,0.2000000 ,500.0000000 ,500.0000000 ,100.0000000 ,0.0600000 ,0.0375000 ,0.8500000 
1.0000000 ,1.0000000 ,500.0000000 ,500.0000000 ,100.0000000 ,0.0600000 ,0.0367000 ,0.8800000 
10.0000000 ,10.0000000 ,500.0000000 ,500.0000000 ,100.0000000 ,0.0600000 ,0.0365000 ,0.8900000 
100.0000000 ,100.0000000 ,500.0000000 ,500.0000000 ,100.0000000 ,0.0600000 ,0.0365000 ,0.8900000 
1000.0000000 ,1000.0000000 ,500.0000000 ,500.0000000 ,100.0000000 ,0.0600000 ,0.0365000 ,0.8900000 
0.1000000 ,0.1000000 ,1000.0000000 ,1000.0000000 ,100.0000000 ,0.0600000 ,0.0385000 ,0.8000000 
0.2000000 ,0.2000000 ,1000.0000000 ,1000.0000000 ,100.0000000 ,0.0600000 ,0.0375000 ,0.8500000 
1.0000000 ,1.0000000 ,1000.0000000 ,1000.0000000 ,100.0000000 ,0.0600000 ,0.0367000 ,0.8800000 
10.0000000 ,10.0000000 ,1000.0000000 ,1000.0000000 ,100.0000000 ,0.0600000 ,0.0365000 ,0.8900000 
100.0000000 ,100.0000000 ,1000.0000000 ,1000.0000000 ,100.0000000 ,0.0600000 ,0.0365000 ,0.8900000 
1000.0000000 ,1000.0000000 ,1000.0000000 ,1000.0000000 ,100.0000000 ,0.0600000 ,0.0365000 ,0.8900000 
0.1000000 ,0.1000000 ,0.0100000 ,0.0100000 ,100.0000000 ,0.0800000 ,0.0832000 ,0.8600000 
0.2000000 ,0.2000000 ,0.0100000 ,0.0100000 ,100.0000000 ,0.0800000 ,0.0817000 ,0.8800000 
1.0000000 ,1.0000000 ,0.0100000 ,0.0100000 ,100.0000000 ,0.0800000 ,0.0807000 ,0.9000000 
10.0000000 ,10.0000000 ,0.0100000 ,0.0100000 ,100.0000000 ,0.0800000 ,0.0805000 ,0.9100000 
100.0000000 ,100.0000000 ,0.0100000 ,0.0100000 ,100.0000000 ,0.0800000 ,0.0804000 ,0.9100000 
1000.0000000 ,1000.0000000 ,0.0100000 ,0.0100000 ,100.0000000 ,0.0800000 ,0.0804000 ,0.9100000 
0.1000000 ,0.1000000 ,0.1000000 ,0.1000000 ,100.0000000 ,0.0800000 ,0.0749000 ,0.8400000 
0.2000000 ,0.2000000 ,0.1000000 ,0.1000000 ,100.0000000 ,0.0800000 ,0.0737000 ,0.8600000 
1.0000000 ,1.0000000 ,0.1000000 ,0.1000000 ,100.0000000 ,0.0800000 ,0.0727000 ,0.8700000 
10.0000000 ,10.0000000 ,0.1000000 ,0.1000000 ,100.0000000 ,0.0800000 ,0.0725000 ,0.8800000 
100.0000000 ,100.0000000 ,0.1000000 ,0.1000000 ,100.0000000 ,0.0800000 ,0.0725000 ,0.8800000 
1000.0000000 ,1000.0000000 ,0.1000000 ,0.1000000 ,100.0000000 ,0.0800000 ,0.0725000 ,0.8800000 
0.1000000 ,0.1000000 ,0.2000000 ,0.2000000 ,100.0000000 ,0.0800000 ,0.0683000 ,0.8200000 
0.2000000 ,0.2000000 ,0.2000000 ,0.2000000 ,100.0000000 ,0.0800000 ,0.0672000 ,0.8300000 
1.0000000 ,1.0000000 ,0.2000000 ,0.2000000 ,100.0000000 ,0.0800000 ,0.0663000 ,0.8400000 
10.0000000 ,10.0000000 ,0.2000000 ,0.2000000 ,100.0000000 ,0.0800000 ,0.0662000 ,0.8500000 
100.0000000 ,100.0000000 ,0.2000000 ,0.2000000 ,100.0000000 ,0.0800000 ,0.0661000 ,0.8500000 
1000.0000000 ,1000.0000000 ,0.2000000 ,0.2000000 ,100.0000000 ,0.0800000 ,0.0661000 ,0.8500000 
0.1000000 ,0.1000000 ,1.0000000 ,1.0000000 ,100.0000000 ,0.0800000 ,0.0488000 ,0.6900000 
0.2000000 ,0.2000000 ,1.0000000 ,1.0000000 ,100.0000000 ,0.0800000 ,0.0481000 ,0.7000000 
1.0000000 ,1.0000000 ,1.0000000 ,1.0000000 ,100.0000000 ,0.0800000 ,0.0475000 ,0.7100000 
10.0000000 ,10.0000000 ,1.0000000 ,1.0000000 ,100.0000000 ,0.0800000 ,0.0474000 ,0.7100000 
100.0000000 ,100.0000000 ,1.0000000 ,1.0000000 ,100.0000000 ,0.0800000 ,0.0474000 ,0.7100000 
1000.0000000 ,1000.0000000 ,1.0000000 ,1.0000000 ,100.0000000 ,0.0800000 ,0.0474000 ,0.7100000 
0.1000000 ,0.1000000 ,5.0000000 ,5.0000000 ,100.0000000 ,0.0800000 ,0.0378000 ,0.4400000 
0.2000000 ,0.2000000 ,5.0000000 ,5.0000000 ,100.0000000 ,0.0800000 ,0.0374000 ,0.4800000 
1.0000000 ,1.0000000 ,5.0000000 ,5.0000000 ,100.0000000 ,0.0800000 ,0.0371000 ,0.5200000 
10.0000000 ,10.0000000 ,5.0000000 ,5.0000000 ,100.0000000 ,0.0800000 ,0.0370000 ,0.5200000 
100.0000000 ,100.0000000 ,5.0000000 ,5.0000000 ,100.0000000 ,0.0800000 ,0.0370000 ,0.5200000 
1000.0000000 ,1000.0000000 ,5.0000000 ,5.0000000 ,100.0000000 ,0.0800000 ,0.0370000 ,0.5200000 
0.1000000 ,0.1000000 ,10.0000000 ,10.0000000 ,100.0000000 ,0.0800000 ,0.0351000 ,0.0001000 
0.2000000 ,0.2000000 ,10.0000000 ,10.0000000 ,100.0000000 ,0.0800000 ,0.0351000 ,0.0001000 
1.0000000 ,1.0000000 ,10.0000000 ,10.0000000 ,100.0000000 ,0.0800000 ,0.0349000 ,0.0001000 
10.0000000 ,10.0000000 ,10.0000000 ,10.0000000 ,100.0000000 ,0.0800000 ,0.0349000 ,0.0001000 
100.0000000 ,100.0000000 ,10.0000000 ,10.0000000 ,100.0000000 ,0.0800000 ,0.0348000 ,0.0001000 
1000.0000000 ,1000.0000000 ,10.0000000 ,10.0000000 ,100.0000000 ,0.0800000 ,0.0348000 ,0.0001000 
0.1000000 ,0.1000000 ,30.0000000 ,30.0000000 ,100.0000000 ,0.0800000 ,0.0330000 ,0.0101000 
0.2000000 ,0.2000000 ,30.0000000 ,30.0000000 ,100.0000000 ,0.0800000 ,0.0330000 ,0.0101000 
1.0000000 ,1.0000000 ,30.0000000 ,30.0000000 ,100.0000000 ,0.0800000 ,0.0324000 ,0.0001000 
10.0000000 ,10.0000000 ,30.0000000 ,30.0000000 ,100.0000000 ,0.0800000 ,0.0323000 ,0.0001000 
100.0000000 ,100.0000000 ,30.0000000 ,30.0000000 ,100.0000000 ,0.0800000 ,0.0323000 ,0.0001000 
1000.0000000 ,1000.0000000 ,30.0000000 ,30.0000000 ,100.0000000 ,0.0800000 ,0.0323000 ,0.0001000 
0.1000000 ,0.1000000 ,90.0000000 ,90.0000000 ,100.0000000 ,0.0800000 ,0.0321000 ,0.0001000 
0.2000000 ,0.2000000 ,90.0000000 ,90.0000000 ,100.0000000 ,0.0800000 ,0.0323000 ,0.0001000 
1.0000000 ,1.0000000 ,90.0000000 ,90.0000000 ,100.0000000 ,0.0800000 ,0.0323000 ,0.0001000 
10.0000000 ,10.0000000 ,90.0000000 ,90.0000000 ,100.0000000 ,0.0800000 ,0.0323000 ,0.0101000 
100.0000000 ,100.0000000 ,90.0000000 ,90.0000000 ,100.0000000 ,0.0800000 ,0.0323000 ,0.0101000 
1000.0000000 ,1000.0000000 ,90.0000000 ,90.0000000 ,100.0000000 ,0.0800000 ,0.0323000 ,0.0101000 
0.1000000 ,0.1000000 ,100.0000000 ,100.0000000 ,100.0000000 ,0.0800000 ,0.0322000 ,0.0001000 
0.2000000 ,0.2000000 ,100.0000000 ,100.0000000 ,100.0000000 ,0.0800000 ,0.0322000 ,0.0001000 
1.0000000 ,1.0000000 ,100.0000000 ,100.0000000 ,100.0000000 ,0.0800000 ,0.0323000 ,0.0001000 
10.0000000 ,10.0000000 ,100.0000000 ,100.0000000 ,100.0000000 ,0.0800000 ,0.0323000 ,0.0001000 
100.0000000 ,100.0000000 ,100.0000000 ,100.0000000 ,100.0000000 ,0.0800000 ,0.0323000 ,0.0001000 
1000.0000000 ,1000.0000000 ,100.0000000 ,100.0000000 ,100.0000000 ,0.0800000 ,0.0322000 ,0.0001000 
0.1000000 ,0.1000000 ,300.0000000 ,300.0000000 ,100.0000000 ,0.0800000 ,0.0320000 ,0.0001000 
0.2000000 ,0.2000000 ,300.0000000 ,300.0000000 ,100.0000000 ,0.0800000 ,0.0320000 ,0.0001000 
1.0000000 ,1.0000000 ,300.0000000 ,300.0000000 ,100.0000000 ,0.0800000 ,0.0320000 ,0.0001000 
10.0000000 ,10.0000000 ,300.0000000 ,300.0000000 ,100.0000000 ,0.0800000 ,0.0320000 ,0.0001000 
100.0000000 ,100.0000000 ,300.0000000 ,300.0000000 ,100.0000000 ,0.0800000 ,0.0320000 ,0.0001000 
1000.0000000 ,1000.0000000 ,300.0000000 ,300.0000000 ,100.0000000 ,0.0800000 ,0.0320000 ,0.0001000 
0.1000000 ,0.1000000 ,500.0000000 ,500.0000000 ,100.0000000 ,0.0800000 ,0.0320000 ,0.0001000 
0.2000000 ,0.2000000 ,500.0000000 ,500.0000000 ,100.0000000 ,0.0800000 ,0.0320000 ,0.0001000 
1.0000000 ,1.0000000 ,500.0000000 ,500.0000000 ,100.0000000 ,0.0800000 ,0.0320000 ,0.0001000 
10.0000000 ,10.0000000 ,500.0000000 ,500.0000000 ,100.0000000 ,0.0800000 ,0.0320000 ,0.0001000 
100.0000000 ,100.0000000 ,500.0000000 ,500.0000000 ,100.0000000 ,0.0800000 ,0.0320000 ,0.0001000 
1000.0000000 ,1000.0000000 ,500.0000000 ,500.0000000 ,100.0000000 ,0.0800000 ,0.0320000 ,0.0001000 
0.1000000 ,0.1000000 ,1000.0000000 ,1000.0000000 ,100.0000000 ,0.0800000 ,0.0320000 ,0.0001000 
0.2000000 ,0.2000000 ,1000.0000000 ,1000.0000000 ,100.0000000 ,0.0800000 ,0.0320000 ,0.0001000 
1.0000000 ,1.0000000 ,1000.0000000 ,1000.0000000 ,100.0000000 ,0.0800000 ,0.0320000 ,0.0001000 
10.0000000 ,10.0000000 ,1000.0000000 ,1000.0000000 ,100.0000000 ,0.0800000 ,0.0320000 ,0.0001000 
100.0000000 ,100.0000000 ,1000.0000000 ,1000.0000000 ,100.0000000 ,0.0800000 ,0.0320000 ,0.0001000 
1000.0000000 ,1000.0000000 ,1000.0000000 ,1000.0000000 ,100.0000000 ,0.0800000 ,0.0320000 ,0.0001000 
0.1000000 ,1000.0000000 ,1000.0000000 ,0.0100000 ,100.0000000 ,0.0400000 ,0.0306000 ,1.2000000 
0.2000000 ,1000.0000000 ,1000.0000000 ,0.0100000 ,100.0000000 ,0.0400000 ,0.0307000 ,1.2200000 
1.0000000 ,1000.0000000 ,1000.0000000 ,0.0100000 ,100.0000000 ,0.0400000 ,0.0307000 ,1.2400000 
10.0000000 ,1000.0000000 ,1000.0000000 ,0.0100000 ,100.0000000 ,0.0400000 ,0.0308000 ,1.2400000 
100.0000000 ,1000.0000000 ,1000.0000000 ,0.0100000 ,100.0000000 ,0.0400000 ,0.0308000 ,1.2400000 
1000.0000000 ,1000.0000000 ,1000.0000000 ,0.0100000 ,100.0000000 ,0.0400000 ,0.0308000 ,1.2400000 
0.1000000 ,1000.0000000 ,1000.0000000 ,0.1000000 ,100.0000000 ,0.0400000 ,0.0308000 ,1.2000000 
0.2000000 ,1000.0000000 ,1000.0000000 ,0.1000000 ,100.0000000 ,0.0400000 ,0.0309000 ,1.2300000 
1.0000000 ,1000.0000000 ,1000.0000000 ,0.1000000 ,100.0000000 ,0.0400000 ,0.0310000 ,1.2500000 
10.0000000 ,1000.0000000 ,1000.0000000 ,0.1000000 ,100.0000000 ,0.0400000 ,0.0310000 ,1.2500000 
100.0000000 ,1000.0000000 ,1000.0000000 ,0.1000000 ,100.0000000 ,0.0400000 ,0.0310000 ,1.2500000 
1000.0000000 ,1000.0000000 ,1000.0000000 ,0.1000000 ,100.0000000 ,0.0400000 ,0.0310000 ,1.2500000 
0.1000000 ,1000.0000000 ,1000.0000000 ,0.2000000 ,100.0000000 ,0.0400000 ,0.0310000 ,1.2100000 
0.2000000 ,1000.0000000 ,1000.0000000 ,0.2000000 ,100.0000000 ,0.0400000 ,0.0312000 ,1.2400000 
1.0000000 ,1000.0000000 ,1000.0000000 ,0.2000000 ,100.0000000 ,0.0400000 ,0.0312000 ,1.2600000 
10.0000000 ,1000.0000000 ,1000.0000000 ,0.2000000 ,100.0000000 ,0.0400000 ,0.0313000 ,1.2600000 
100.0000000 ,1000.0000000 ,1000.0000000 ,0.2000000 ,100.0000000 ,0.0400000 ,0.0313000 ,1.2600000 
1000.0000000 ,1000.0000000 ,1000.0000000 ,0.2000000 ,100.0000000 ,0.0400000 ,0.0313000 ,1.2600000 
0.1000000 ,1000.0000000 ,1000.0000000 ,1.0000000 ,100.0000000 ,0.0400000 ,0.0325000 ,1.2500000 
0.2000000 ,1000.0000000 ,1000.0000000 ,1.0000000 ,100.0000000 ,0.0400000 ,0.0326000 ,1.2800000 
1.0000000 ,1000.0000000 ,1000.0000000 ,1.0000000 ,100.0000000 ,0.0400000 ,0.0327000 ,1.3000000 
10.0000000 ,1000.0000000 ,1000.0000000 ,1.0000000 ,100.0000000 ,0.0400000 ,0.0327000 ,1.3100000 
100.0000000 ,1000.0000000 ,1000.0000000 ,1.0000000 ,100.0000000 ,0.0400000 ,0.0327000 ,1.3100000 
1000.0000000 ,1000.0000000 ,1000.0000000 ,1.0000000 ,100.0000000 ,0.0400000 ,0.0327000 ,1.3100000 
0.1000000 ,1000.0000000 ,1000.0000000 ,5.0000000 ,100.0000000 ,0.0400000 ,0.0350000 ,1.3200000 
0.2000000 ,1000.0000000 ,1000.0000000 ,5.0000000 ,100.0000000 ,0.0400000 ,0.0352000 ,1.3500000 
1.0000000 ,1000.0000000 ,1000.0000000 ,5.0000000 ,100.0000000 ,0.0400000 ,0.0352000 ,1.3800000 
10.0000000 ,1000.0000000 ,1000.0000000 ,5.0000000 ,100.0000000 ,0.0400000 ,0.0352000 ,1.3900000 
100.0000000 ,1000.0000000 ,1000.0000000 ,5.0000000 ,100.0000000 ,0.0400000 ,0.0352000 ,1.3900000 
1000.0000000 ,1000.0000000 ,1000.0000000 ,5.0000000 ,100.0000000 ,0.0400000 ,0.0352000 ,1.3900000 
0.1000000 ,1000.0000000 ,1000.0000000 ,10.0000000 ,100.0000000 ,0.0400000 ,0.0359000 ,1.3400000 
0.2000000 ,1000.0000000 ,1000.0000000 ,10.0000000 ,100.0000000 ,0.0400000 ,0.0360000 ,1.3700000 
1.0000000 ,1000.0000000 ,1000.0000000 ,10.0000000 ,100.0000000 ,0.0400000 ,0.0360000 ,1.4000000 
10.0000000 ,1000.0000000 ,1000.0000000 ,10.0000000 ,100.0000000 ,0.0400000 ,0.0360000 ,1.4100000 
100.0000000 ,1000.0000000 ,1000.0000000 ,10.0000000 ,100.0000000 ,0.0400000 ,0.0360000 ,1.4100000 
1000.0000000 ,1000.0000000 ,1000.0000000 ,10.0000000 ,100.0000000 ,0.0400000 ,0.0360000 ,1.4100000 
0.1000000 ,1000.0000000 ,1000.0000000 ,30.0000000 ,100.0000000 ,0.0400000 ,0.0366000 ,1.3600000 
0.2000000 ,1000.0000000 ,1000.0000000 ,30.0000000 ,100.0000000 ,0.0400000 ,0.0367000 ,1.3900000 
1.0000000 ,1000.0000000 ,1000.0000000 ,30.0000000 ,100.0000000 ,0.0400000 ,0.0367000 ,1.4300000 
10.0000000 ,1000.0000000 ,1000.0000000 ,30.0000000 ,100.0000000 ,0.0400000 ,0.0367000 ,1.4300000 
100.0000000 ,1000.0000000 ,1000.0000000 ,30.0000000 ,100.0000000 ,0.0400000 ,0.0367000 ,1.4300000 
1000.0000000 ,1000.0000000 ,1000.0000000 ,30.0000000 ,100.0000000 ,0.0400000 ,0.0367000 ,1.4300000 
0.1000000 ,1000.0000000 ,1000.0000000 ,90.0000000 ,100.0000000 ,0.0400000 ,0.0368000 ,1.3600000 
0.2000000 ,1000.0000000 ,1000.0000000 ,90.0000000 ,100.0000000 ,0.0400000 ,0.0369000 ,1.4000000 
1.0000000 ,1000.0000000 ,1000.0000000 ,90.0000000 ,100.0000000 ,0.0400000 ,0.0370000 ,1.4300000 
10.0000000 ,1000.0000000 ,1000.0000000 ,90.0000000 ,100.0000000 ,0.0400000 ,0.0370000 ,1.4400000 
100.0000000 ,1000.0000000 ,1000.0000000 ,90.0000000 ,100.0000000 ,0.0400000 ,0.0370000 ,1.4400000 
1000.0000000 ,1000.0000000 ,1000.0000000 ,90.0000000 ,100.0000000 ,0.0400000 ,0.0370000 ,1.4400000 
0.1000000 ,1000.0000000 ,1000.0000000 ,100.0000000 ,100.0000000 ,0.0400000 ,0.0369000 ,1.3600000 
0.2000000 ,1000.0000000 ,1000.0000000 ,100.0000000 ,100.0000000 ,0.0400000 ,0.0370000 ,1.4000000 
1.0000000 ,1000.0000000 ,1000.0000000 ,100.0000000 ,100.0000000 ,0.0400000 ,0.0370000 ,1.4300000 
10.0000000 ,1000.0000000 ,1000.0000000 ,100.0000000 ,100.0000000 ,0.0400000 ,0.0370000 ,1.4400000 
100.0000000 ,1000.0000000 ,1000.0000000 ,100.0000000 ,100.0000000 ,0.0400000 ,0.0370000 ,1.4400000 
1000.0000000 ,1000.0000000 ,1000.0000000 ,100.0000000 ,100.0000000 ,0.0400000 ,0.0370000 ,1.4400000 
0.1000000 ,1000.0000000 ,1000.0000000 ,300.0000000 ,100.0000000 ,0.0400000 ,0.0370000 ,1.3600000 
0.2000000 ,1000.0000000 ,1000.0000000 ,300.0000000 ,100.0000000 ,0.0400000 ,0.0370000 ,1.4000000 
1.0000000 ,1000.0000000 ,1000.0000000 ,300.0000000 ,100.0000000 ,0.0400000 ,0.0371000 ,1.4400000 
10.0000000 ,1000.0000000 ,1000.0000000 ,300.0000000 ,100.0000000 ,0.0400000 ,0.0371000 ,1.4400000 
100.0000000 ,1000.0000000 ,1000.0000000 ,300.0000000 ,100.0000000 ,0.0400000 ,0.0371000 ,1.4500000 
1000.0000000 ,1000.0000000 ,1000.0000000 ,300.0000000 ,100.0000000 ,0.0400000 ,0.0371000 ,1.4400000 
0.1000000 ,1000.0000000 ,1000.0000000 ,500.0000000 ,100.0000000 ,0.0400000 ,0.0370000 ,1.3600000 
0.2000000 ,1000.0000000 ,1000.0000000 ,500.0000000 ,100.0000000 ,0.0400000 ,0.0371000 ,1.4100000 
1.0000000 ,1000.0000000 ,1000.0000000 ,500.0000000 ,100.0000000 ,0.0400000 ,0.0371000 ,1.4400000 
10.0000000 ,1000.0000000 ,1000.0000000 ,500.0000000 ,100.0000000 ,0.0400000 ,0.0371000 ,1.4400000 
100.0000000 ,1000.0000000 ,1000.0000000 ,500.0000000 ,100.0000000 ,0.0400000 ,0.0371000 ,1.4500000 
1000.0000000 ,1000.0000000 ,1000.0000000 ,500.0000000 ,100.0000000 ,0.0400000 ,0.0371000 ,1.4400000 
0.1000000 ,1000.0000000 ,1000.0000000 ,1000.0000000 ,100.0000000 ,0.0400000 ,0.0370000 ,1.3700000 
0.2000000 ,1000.0000000 ,1000.0000000 ,1000.0000000 ,100.0000000 ,0.0400000 ,0.0371000 ,1.4100000 
1.0000000 ,1000.0000000 ,1000.0000000 ,1000.0000000 ,100.0000000 ,0.0400000 ,0.0371000 ,1.4400000 
10.0000000 ,1000.0000000 ,1000.0000000 ,1000.0000000 ,100.0000000 ,0.0400000 ,0.0372000 ,1.4500000 
100.0000000 ,1000.0000000 ,1000.0000000 ,1000.0000000 ,100.0000000 ,0.0400000 ,0.0372000 ,1.4500000 
1000.0000000 ,1000.0000000 ,1000.0000000 ,1000.0000000 ,100.0000000 ,0.0400000 ,0.0372000 ,1.4500000 
0.1000000 ,1000.0000000 ,1000.0000000 ,0.0100000 ,100.0000000 ,0.0600000 ,0.0301000 ,0.7600000 
0.2000000 ,1000.0000000 ,1000.0000000 ,0.0100000 ,100.0000000 ,0.0600000 ,0.0303000 ,0.7700000 
1.0000000 ,1000.0000000 ,1000.0000000 ,0.0100000 ,100.0000000 ,0.0600000 ,0.0304000 ,0.7900000 
10.0000000 ,1000.0000000 ,1000.0000000 ,0.0100000 ,100.0000000 ,0.0600000 ,0.0304000 ,0.7900000 
100.0000000 ,1000.0000000 ,1000.0000000 ,0.0100000 ,100.0000000 ,0.0600000 ,0.0304000 ,0.7900000 
1000.0000000 ,1000.0000000 ,1000.0000000 ,0.0100000 ,100.0000000 ,0.0600000 ,0.0304000 ,0.7900000 
0.1000000 ,1000.0000000 ,1000.0000000 ,0.1000000 ,100.0000000 ,0.0600000 ,0.0303000 ,0.7600000 
0.2000000 ,1000.0000000 ,1000.0000000 ,0.1000000 ,100.0000000 ,0.0600000 ,0.0305000 ,0.7800000 
1.0000000 ,1000.0000000 ,1000.0000000 ,0.1000000 ,100.0000000 ,0.0600000 ,0.0306000 ,0.7900000 
10.0000000 ,1000.0000000 ,1000.0000000 ,0.1000000 ,100.0000000 ,0.0600000 ,0.0306000 ,0.8000000 
100.0000000 ,1000.0000000 ,1000.0000000 ,0.1000000 ,100.0000000 ,0.0600000 ,0.0306000 ,0.8000000 
1000.0000000 ,1000.0000000 ,1000.0000000 ,0.1000000 ,100.0000000 ,0.0600000 ,0.0306000 ,0.8000000 
0.1000000 ,1000.0000000 ,1000.0000000 ,0.2000000 ,100.0000000 ,0.0600000 ,0.0306000 ,0.7600000 
0.2000000 ,1000.0000000 ,1000.0000000 ,0.2000000 ,100.0000000 ,0.0600000 ,0.0307000 ,0.7800000 
1.0000000 ,1000.0000000 ,1000.0000000 ,0.2000000 ,100.0000000 ,0.0600000 ,0.0308000 ,0.8000000 
10.0000000 ,1000.0000000 ,1000.0000000 ,0.2000000 ,100.0000000 ,0.0600000 ,0.0308000 ,0.8000000 
100.0000000 ,1000.0000000 ,1000.0000000 ,0.2000000 ,100.0000000 ,0.0600000 ,0.0309000 ,0.8000000 
1000.0000000 ,1000.0000000 ,1000.0000000 ,0.2000000 ,100.0000000 ,0.0600000 ,0.0309000 ,0.8000000 
0.1000000 ,1000.0000000 ,1000.0000000 ,1.0000000 ,100.0000000 ,0.0600000 ,0.0301000 ,0.7600000 
0.2000000 ,1000.0000000 ,1000.0000000 ,1.0000000 ,100.0000000 ,0.0600000 ,0.0321000 ,0.8000000 
1.0000000 ,1000.0000000 ,1000.0000000 ,1.0000000 ,100.0000000 ,0.0600000 ,0.0322000 ,0.8200000 
10.0000000 ,1000.0000000 ,1000.0000000 ,1.0000000 ,100.0000000 ,0.0600000 ,0.0322000 ,0.8200000 
100.0000000 ,1000.0000000 ,1000.0000000 ,1.0000000 ,100.0000000 ,0.0600000 ,0.0322000 ,0.8200000 
1000.0000000 ,1000.0000000 ,1000.0000000 ,1.0000000 ,100.0000000 ,0.0600000 ,0.0322000 ,0.8200000 
0.1000000 ,1000.0000000 ,1000.0000000 ,5.0000000 ,100.0000000 ,0.0600000 ,0.0303000 ,0.7600000 
0.2000000 ,1000.0000000 ,1000.0000000 ,5.0000000 ,100.0000000 ,0.0600000 ,0.0345000 ,0.8300000 
1.0000000 ,1000.0000000 ,1000.0000000 ,5.0000000 ,100.0000000 ,0.0600000 ,0.0346000 ,0.8500000 
10.0000000 ,1000.0000000 ,1000.0000000 ,5.0000000 ,100.0000000 ,0.0600000 ,0.0346000 ,0.8600000 
100.0000000 ,1000.0000000 ,1000.0000000 ,5.0000000 ,100.0000000 ,0.0600000 ,0.0346000 ,0.8600000 
1000.0000000 ,1000.0000000 ,1000.0000000 ,5.0000000 ,100.0000000 ,0.0600000 ,0.0346000 ,0.8600000 
0.1000000 ,1000.0000000 ,1000.0000000 ,10.0000000 ,100.0000000 ,0.0600000 ,0.0306000 ,0.7600000 
0.2000000 ,1000.0000000 ,1000.0000000 ,10.0000000 ,100.0000000 ,0.0600000 ,0.0352000 ,0.8400000 
1.0000000 ,1000.0000000 ,1000.0000000 ,10.0000000 ,100.0000000 ,0.0600000 ,0.0354000 ,0.8700000 
10.0000000 ,1000.0000000 ,1000.0000000 ,10.0000000 ,100.0000000 ,0.0600000 ,0.0354000 ,0.8700000 
100.0000000 ,1000.0000000 ,1000.0000000 ,10.0000000 ,100.0000000 ,0.0600000 ,0.0354000 ,0.8700000 
1000.0000000 ,1000.0000000 ,1000.0000000 ,10.0000000 ,100.0000000 ,0.0600000 ,0.0354000 ,0.8700000 
0.1000000 ,1000.0000000 ,1000.0000000 ,30.0000000 ,100.0000000 ,0.0600000 ,0.0319000 ,0.7800000 
0.2000000 ,1000.0000000 ,1000.0000000 ,30.0000000 ,100.0000000 ,0.0600000 ,0.0359000 ,0.8500000 
1.0000000 ,1000.0000000 ,1000.0000000 ,30.0000000 ,100.0000000 ,0.0600000 ,0.0361000 ,0.8800000 
10.0000000 ,1000.0000000 ,1000.0000000 ,30.0000000 ,100.0000000 ,0.0600000 ,0.0361000 ,0.8800000 
100.0000000 ,1000.0000000 ,1000.0000000 ,30.0000000 ,100.0000000 ,0.0600000 ,0.0361000 ,0.8800000 
1000.0000000 ,1000.0000000 ,1000.0000000 ,30.0000000 ,100.0000000 ,0.0600000 ,0.0361000 ,0.8800000 
0.1000000 ,1000.0000000 ,1000.0000000 ,90.0000000 ,100.0000000 ,0.0600000 ,0.0343000 ,0.8000000 
0.2000000 ,1000.0000000 ,1000.0000000 ,90.0000000 ,100.0000000 ,0.0600000 ,0.0362000 ,0.8500000 
1.0000000 ,1000.0000000 ,1000.0000000 ,90.0000000 ,100.0000000 ,0.0600000 ,0.0363000 ,0.8800000 
10.0000000 ,1000.0000000 ,1000.0000000 ,90.0000000 ,100.0000000 ,0.0600000 ,0.0363000 ,0.8900000 
100.0000000 ,1000.0000000 ,1000.0000000 ,90.0000000 ,100.0000000 ,0.0600000 ,0.0364000 ,0.8900000 
1000.0000000 ,1000.0000000 ,1000.0000000 ,90.0000000 ,100.0000000 ,0.0600000 ,0.0364000 ,0.8900000 
0.1000000 ,1000.0000000 ,1000.0000000 ,100.0000000 ,100.0000000 ,0.0600000 ,0.0350000 ,0.8100000 
0.2000000 ,1000.0000000 ,1000.0000000 ,100.0000000 ,100.0000000 ,0.0600000 ,0.0362000 ,0.8500000 
1.0000000 ,1000.0000000 ,1000.0000000 ,100.0000000 ,100.0000000 ,0.0600000 ,0.0363000 ,0.8800000 
10.0000000 ,1000.0000000 ,1000.0000000 ,100.0000000 ,100.0000000 ,0.0600000 ,0.0364000 ,0.8900000 
100.0000000 ,1000.0000000 ,1000.0000000 ,100.0000000 ,100.0000000 ,0.0600000 ,0.0364000 ,0.8900000 
1000.0000000 ,1000.0000000 ,1000.0000000 ,100.0000000 ,100.0000000 ,0.0600000 ,0.0364000 ,0.8900000 
0.1000000 ,1000.0000000 ,1000.0000000 ,300.0000000 ,100.0000000 ,0.0600000 ,0.0357000 ,0.8100000 
0.2000000 ,1000.0000000 ,1000.0000000 ,300.0000000 ,100.0000000 ,0.0600000 ,0.0363000 ,0.8500000 
1.0000000 ,1000.0000000 ,1000.0000000 ,300.0000000 ,100.0000000 ,0.0600000 ,0.0364000 ,0.8800000 
10.0000000 ,1000.0000000 ,1000.0000000 ,300.0000000 ,100.0000000 ,0.0600000 ,0.0364000 ,0.8900000 
100.0000000 ,1000.0000000 ,1000.0000000 ,300.0000000 ,100.0000000 ,0.0600000 ,0.0365000 ,0.8900000 
1000.0000000 ,1000.0000000 ,1000.0000000 ,300.0000000 ,100.0000000 ,0.0600000 ,0.0365000 ,0.8900000 
0.1000000 ,1000.0000000 ,1000.0000000 ,500.0000000 ,100.0000000 ,0.0600000 ,0.0359000 ,0.8100000 
0.2000000 ,1000.0000000 ,1000.0000000 ,500.0000000 ,100.0000000 ,0.0600000 ,0.0363000 ,0.8500000 
1.0000000 ,1000.0000000 ,1000.0000000 ,500.0000000 ,100.0000000 ,0.0600000 ,0.0364000 ,0.8800000 
10.0000000 ,1000.0000000 ,1000.0000000 ,500.0000000 ,100.0000000 ,0.0600000 ,0.0365000 ,0.8900000 
100.0000000 ,1000.0000000 ,1000.0000000 ,500.0000000 ,100.0000000 ,0.0600000 ,0.0365000 ,0.8900000 
1000.0000000 ,1000.0000000 ,1000.0000000 ,500.0000000 ,100.0000000 ,0.0600000 ,0.0365000 ,0.8900000 
0.1000000 ,1000.0000000 ,1000.0000000 ,1000.0000000 ,100.0000000 ,0.0600000 ,0.0360000 ,0.8100000 
0.2000000 ,1000.0000000 ,1000.0000000 ,1000.0000000 ,100.0000000 ,0.0600000 ,0.0363000 ,0.8500000 
1.0000000 ,1000.0000000 ,1000.0000000 ,1000.0000000 ,100.0000000 ,0.0600000 ,0.0364000 ,0.8800000 
10.0000000 ,1000.0000000 ,1000.0000000 ,1000.0000000 ,100.0000000 ,0.0600000 ,0.0365000 ,0.8900000 
100.0000000 ,1000.0000000 ,1000.0000000 ,1000.0000000 ,100.0000000 ,0.0600000 ,0.0365000 ,0.8900000 
1000.0000000 ,1000.0000000 ,1000.0000000 ,1000.0000000 ,100.0000000 ,0.0600000 ,0.0365000 ,0.8900000 
0.1000000 ,1000.0000000 ,1000.0000000 ,0.0100000 ,100.0000000 ,0.0800000 ,0.0287000 ,0.4800000 
0.2000000 ,1000.0000000 ,1000.0000000 ,0.0100000 ,100.0000000 ,0.0800000 ,0.0290000 ,0.4900000 
1.0000000 ,1000.0000000 ,1000.0000000 ,0.0100000 ,100.0000000 ,0.0800000 ,0.0291000 ,0.5100000 
10.0000000 ,1000.0000000 ,1000.0000000 ,0.0100000 ,100.0000000 ,0.0800000 ,0.0292000 ,0.5100000 
100.0000000 ,1000.0000000 ,1000.0000000 ,0.0100000 ,100.0000000 ,0.0800000 ,0.0292000 ,0.5100000 
1000.0000000 ,1000.0000000 ,1000.0000000 ,0.0100000 ,100.0000000 ,0.0800000 ,0.0292000 ,0.5100000 
0.1000000 ,1000.0000000 ,1000.0000000 ,0.1000000 ,100.0000000 ,0.0800000 ,0.0289000 ,0.4700000 
0.2000000 ,1000.0000000 ,1000.0000000 ,0.1000000 ,100.0000000 ,0.0800000 ,0.0291000 ,0.4900000 
1.0000000 ,1000.0000000 ,1000.0000000 ,0.1000000 ,100.0000000 ,0.0800000 ,0.0293000 ,0.5100000 
10.0000000 ,1000.0000000 ,1000.0000000 ,0.1000000 ,100.0000000 ,0.0800000 ,0.0293000 ,0.5100000 
100.0000000 ,1000.0000000 ,1000.0000000 ,0.1000000 ,100.0000000 ,0.0800000 ,0.0293000 ,0.5100000 
1000.0000000 ,1000.0000000 ,1000.0000000 ,0.1000000 ,100.0000000 ,0.0800000 ,0.0293000 ,0.5100000 
0.1000000 ,1000.0000000 ,1000.0000000 ,0.2000000 ,100.0000000 ,0.0800000 ,0.0291000 ,0.4700000 
0.2000000 ,1000.0000000 ,1000.0000000 ,0.2000000 ,100.0000000 ,0.0800000 ,0.0293000 ,0.4900000 
1.0000000 ,1000.0000000 ,1000.0000000 ,0.2000000 ,100.0000000 ,0.0800000 ,0.0295000 ,0.5000000 
10.0000000 ,1000.0000000 ,1000.0000000 ,0.2000000 ,100.0000000 ,0.0800000 ,0.0295000 ,0.5100000 
100.0000000 ,1000.0000000 ,1000.0000000 ,0.2000000 ,100.0000000 ,0.0800000 ,0.0295000 ,0.5100000 
1000.0000000 ,1000.0000000 ,1000.0000000 ,0.2000000 ,100.0000000 ,0.0800000 ,0.0295000 ,0.5100000 
0.1000000 ,1000.0000000 ,1000.0000000 ,1.0000000 ,100.0000000 ,0.0800000 ,0.0292000 ,0.0001000 
0.2000000 ,1000.0000000 ,1000.0000000 ,1.0000000 ,100.0000000 ,0.0800000 ,0.0303000 ,0.4700000 
1.0000000 ,1000.0000000 ,1000.0000000 ,1.0000000 ,100.0000000 ,0.0800000 ,0.0305000 ,0.4900000 
10.0000000 ,1000.0000000 ,1000.0000000 ,1.0000000 ,100.0000000 ,0.0800000 ,0.0305000 ,0.4900000 
100.0000000 ,1000.0000000 ,1000.0000000 ,1.0000000 ,100.0000000 ,0.0800000 ,0.0305000 ,0.4900000 
1000.0000000 ,1000.0000000 ,1000.0000000 ,1.0000000 ,100.0000000 ,0.0800000 ,0.0305000 ,0.4900000 
0.1000000 ,1000.0000000 ,1000.0000000 ,5.0000000 ,100.0000000 ,0.0800000 ,0.0305000 ,0.0001000 
0.2000000 ,1000.0000000 ,1000.0000000 ,5.0000000 ,100.0000000 ,0.0800000 ,0.0315000 ,0.0001000 
1.0000000 ,1000.0000000 ,1000.0000000 ,5.0000000 ,100.0000000 ,0.0800000 ,0.0319000 ,0.3400000 
10.0000000 ,1000.0000000 ,1000.0000000 ,5.0000000 ,100.0000000 ,0.0800000 ,0.0320000 ,0.3600000 
100.0000000 ,1000.0000000 ,1000.0000000 ,5.0000000 ,100.0000000 ,0.0800000 ,0.0320000 ,0.3600000 
1000.0000000 ,1000.0000000 ,1000.0000000 ,5.0000000 ,100.0000000 ,0.0800000 ,0.0320000 ,0.3600000 
0.1000000 ,1000.0000000 ,1000.0000000 ,10.0000000 ,100.0000000 ,0.0800000 ,0.0304000 ,0.0001000 
0.2000000 ,1000.0000000 ,1000.0000000 ,10.0000000 ,100.0000000 ,0.0800000 ,0.0314000 ,0.0001000 
1.0000000 ,1000.0000000 ,1000.0000000 ,10.0000000 ,100.0000000 ,0.0800000 ,0.0297000 ,0.0001000 
10.0000000 ,1000.0000000 ,1000.0000000 ,10.0000000 ,100.0000000 ,0.0800000 ,0.0300000 ,0.0001000 
100.0000000 ,1000.0000000 ,1000.0000000 ,10.0000000 ,100.0000000 ,0.0800000 ,0.0298000 ,0.0001000 
1000.0000000 ,1000.0000000 ,1000.0000000 ,10.0000000 ,100.0000000 ,0.0800000 ,0.0298000 ,0.0001000 
0.1000000 ,1000.0000000 ,1000.0000000 ,30.0000000 ,100.0000000 ,0.0800000 ,0.0289000 ,0.0001000 
0.2000000 ,1000.0000000 ,1000.0000000 ,30.0000000 ,100.0000000 ,0.0800000 ,0.0314000 ,0.0001000 
1.0000000 ,1000.0000000 ,1000.0000000 ,30.0000000 ,100.0000000 ,0.0800000 ,0.0318000 ,0.0001000 
10.0000000 ,1000.0000000 ,1000.0000000 ,30.0000000 ,100.0000000 ,0.0800000 ,0.0320000 ,0.0001000 
100.0000000 ,1000.0000000 ,1000.0000000 ,30.0000000 ,100.0000000 ,0.0800000 ,0.0320000 ,0.0001000 
1000.0000000 ,1000.0000000 ,1000.0000000 ,30.0000000 ,100.0000000 ,0.0800000 ,0.0320000 ,0.0001000 
0.1000000 ,1000.0000000 ,1000.0000000 ,90.0000000 ,100.0000000 ,0.0800000 ,0.0308000 ,0.0001000 
0.2000000 ,1000.0000000 ,1000.0000000 ,90.0000000 ,100.0000000 ,0.0800000 ,0.0314000 ,0.0001000 
1.0000000 ,1000.0000000 ,1000.0000000 ,90.0000000 ,100.0000000 ,0.0800000 ,0.0319000 ,0.0001000 
10.0000000 ,1000.0000000 ,1000.0000000 ,90.0000000 ,100.0000000 ,0.0800000 ,0.0320000 ,0.0001000 
100.0000000 ,1000.0000000 ,1000.0000000 ,90.0000000 ,100.0000000 ,0.0800000 ,0.0320000 ,0.0001000 
1000.0000000 ,1000.0000000 ,1000.0000000 ,90.0000000 ,100.0000000 ,0.0800000 ,0.0320000 ,0.0001000 
0.1000000 ,1000.0000000 ,1000.0000000 ,100.0000000 ,100.0000000 ,0.0800000 ,0.0308000 ,0.0001000 
0.2000000 ,1000.0000000 ,1000.0000000 ,100.0000000 ,100.0000000 ,0.0800000 ,0.0314000 ,0.0001000 
1.0000000 ,1000.0000000 ,1000.0000000 ,100.0000000 ,100.0000000 ,0.0800000 ,0.0318000 ,0.0001000 
10.0000000 ,1000.0000000 ,1000.0000000 ,100.0000000 ,100.0000000 ,0.0800000 ,0.0319000 ,0.0001000 
100.0000000 ,1000.0000000 ,1000.0000000 ,100.0000000 ,100.0000000 ,0.0800000 ,0.0320000 ,0.0001000 
1000.0000000 ,1000.0000000 ,1000.0000000 ,100.0000000 ,100.0000000 ,0.0800000 ,0.0320000 ,0.0001000 
0.1000000 ,1000.0000000 ,1000.0000000 ,300.0000000 ,100.0000000 ,0.0800000 ,0.0308000 ,0.0001000 
0.2000000 ,1000.0000000 ,1000.0000000 ,300.0000000 ,100.0000000 ,0.0800000 ,0.0313000 ,0.0001000 
1.0000000 ,1000.0000000 ,1000.0000000 ,300.0000000 ,100.0000000 ,0.0800000 ,0.0318000 ,0.0001000 
10.0000000 ,1000.0000000 ,1000.0000000 ,300.0000000 ,100.0000000 ,0.0800000 ,0.0320000 ,0.0001000 
100.0000000 ,1000.0000000 ,1000.0000000 ,300.0000000 ,100.0000000 ,0.0800000 ,0.0320000 ,0.0001000 
1000.0000000 ,1000.0000000 ,1000.0000000 ,300.0000000 ,100.0000000 ,0.0800000 ,0.0320000 ,0.0001000 
0.1000000 ,1000.0000000 ,1000.0000000 ,500.0000000 ,100.0000000 ,0.0800000 ,0.0308000 ,0.0001000 
0.2000000 ,1000.0000000 ,1000.0000000 ,500.0000000 ,100.0000000 ,0.0800000 ,0.0313000 ,0.0001000 
1.0000000 ,1000.0000000 ,1000.0000000 ,500.0000000 ,100.0000000 ,0.0800000 ,0.0318000 ,0.0001000 
10.0000000 ,1000.0000000 ,1000.0000000 ,500.0000000 ,100.0000000 ,0.0800000 ,0.0320000 ,0.0001000 
100.0000000 ,1000.0000000 ,1000.0000000 ,500.0000000 ,100.0000000 ,0.0800000 ,0.0320000 ,0.0001000 
1000.0000000 ,1000.0000000 ,1000.0000000 ,500.0000000 ,100.0000000 ,0.0800000 ,0.0320000 ,0.0001000 
0.1000000 ,1000.0000000 ,1000.0000000 ,1000.0000000 ,100.0000000 ,0.0800000 ,0.0308000 ,0.0001000 
0.2000000 ,1000.0000000 ,1000.0000000 ,1000.0000000 ,100.0000000 ,0.0800000 ,0.0314000 ,0.0001000 
1.0000000 ,1000.0000000 ,1000.0000000 ,1000.0000000 ,100.0000000 ,0.0800000 ,0.0318000 ,0.0001000 
10.0000000 ,1000.0000000 ,1000.0000000 ,1000.0000000 ,100.0000000 ,0.0800000 ,0.0320000 ,0.0001000 
100.0000000 ,1000.0000000 ,1000.0000000 ,1000.0000000 ,100.0000000 ,0.0800000 ,0.0320000 ,0.0001000 
1000.0000000 ,1000.0000000 ,1000.0000000 ,1000.0000000 ,100.0000000 ,0.0800000 ,0.0320000 ,0.0001000 
1000.0000000 ,0.1000000 ,0.0100000 ,1000.0000000 ,100.0000000 ,0.0400000 ,0.0000000 ,
1000.0000000 ,0.2000000 ,0.0100000 ,1000.0000000 ,100.0000000 ,0.0400000 ,0.0000000 ,
1000.0000000 ,1.0000000 ,0.0100000 ,1000.0000000 ,100.0000000 ,0.0400000 ,0.0931000 ,2.1300000 
1000.0000000 ,10.0000000 ,0.0100000 ,1000.0000000 ,100.0000000 ,0.0400000 ,0.0892000 ,2.0900000 
1000.0000000 ,100.0000000 ,0.0100000 ,1000.0000000 ,100.0000000 ,0.0400000 ,0.0888000 ,2.0900000 
1000.0000000 ,1000.0000000 ,0.0100000 ,1000.0000000 ,100.0000000 ,0.0400000 ,0.0888000 ,2.0900000 
1000.0000000 ,0.1000000 ,0.1000000 ,1000.0000000 ,100.0000000 ,0.0400000 ,0.0000000 ,
1000.0000000 ,0.2000000 ,0.1000000 ,1000.0000000 ,100.0000000 ,0.0400000 ,0.0000000 ,
1000.0000000 ,1.0000000 ,0.1000000 ,1000.0000000 ,100.0000000 ,0.0400000 ,0.0841000 ,2.0700000 
1000.0000000 ,10.0000000 ,0.1000000 ,1000.0000000 ,100.0000000 ,0.0400000 ,0.0812000 ,2.0400000 
1000.0000000 ,100.0000000 ,0.1000000 ,1000.0000000 ,100.0000000 ,0.0400000 ,0.0809000 ,2.0400000 
1000.0000000 ,1000.0000000 ,0.1000000 ,1000.0000000 ,100.0000000 ,0.0400000 ,0.0809000 ,2.0400000 
1000.0000000 ,0.1000000 ,0.2000000 ,1000.0000000 ,100.0000000 ,0.0400000 ,0.0000000 ,
1000.0000000 ,0.2000000 ,0.2000000 ,1000.0000000 ,100.0000000 ,0.0400000 ,0.1018000 ,2.2400000 
1000.0000000 ,1.0000000 ,0.2000000 ,1000.0000000 ,100.0000000 ,0.0400000 ,0.0769000 ,2.0100000 
1000.0000000 ,10.0000000 ,0.2000000 ,1000.0000000 ,100.0000000 ,0.0400000 ,0.0747000 ,1.9900000 
1000.0000000 ,100.0000000 ,0.2000000 ,1000.0000000 ,100.0000000 ,0.0400000 ,0.0745000 ,1.9900000 
1000.0000000 ,1000.0000000 ,0.2000000 ,1000.0000000 ,100.0000000 ,0.0400000 ,0.0744000 ,1.9800000 
1000.0000000 ,0.1000000 ,1.0000000 ,1000.0000000 ,100.0000000 ,0.0400000 ,0.0000000 ,
1000.0000000 ,0.2000000 ,1.0000000 ,1000.0000000 ,100.0000000 ,0.0400000 ,0.0596000 ,1.8100000 
1000.0000000 ,1.0000000 ,1.0000000 ,1000.0000000 ,100.0000000 ,0.0400000 ,0.0549000 ,1.7500000 
1000.0000000 ,10.0000000 ,1.0000000 ,1000.0000000 ,100.0000000 ,0.0400000 ,0.0541000 ,1.7400000 
1000.0000000 ,100.0000000 ,1.0000000 ,1000.0000000 ,100.0000000 ,0.0400000 ,0.0540000 ,1.7400000 
1000.0000000 ,1000.0000000 ,1.0000000 ,1000.0000000 ,100.0000000 ,0.0400000 ,0.0540000 ,1.7400000 
1000.0000000 ,0.1000000 ,5.0000000 ,1000.0000000 ,100.0000000 ,0.0400000 ,0.0470000 ,1.6000000 
1000.0000000 ,0.2000000 ,5.0000000 ,1000.0000000 ,100.0000000 ,0.0400000 ,0.0439000 ,1.5600000 
1000.0000000 ,1.0000000 ,5.0000000 ,1000.0000000 ,100.0000000 ,0.0400000 ,0.0420000 ,1.5400000 
1000.0000000 ,10.0000000 ,5.0000000 ,1000.0000000 ,100.0000000 ,0.0400000 ,0.0417000 ,1.5300000 
1000.0000000 ,100.0000000 ,5.0000000 ,1000.0000000 ,100.0000000 ,0.0400000 ,0.0416000 ,1.5300000 
1000.0000000 ,1000.0000000 ,5.0000000 ,1000.0000000 ,100.0000000 ,0.0400000 ,0.0416000 ,1.5300000 
1000.0000000 ,0.1000000 ,10.0000000 ,1000.0000000 ,100.0000000 ,0.0400000 ,0.0438000 ,1.5500000 
1000.0000000 ,0.2000000 ,10.0000000 ,1000.0000000 ,100.0000000 ,0.0400000 ,0.0413000 ,1.5200000 
1000.0000000 ,1.0000000 ,10.0000000 ,1000.0000000 ,100.0000000 ,0.0400000 ,0.0398000 ,1.5000000 
1000.0000000 ,10.0000000 ,10.0000000 ,1000.0000000 ,100.0000000 ,0.0400000 ,0.0395000 ,1.4900000 
1000.0000000 ,100.0000000 ,10.0000000 ,1000.0000000 ,100.0000000 ,0.0400000 ,0.0395000 ,1.4900000 
1000.0000000 ,1000.0000000 ,10.0000000 ,1000.0000000 ,100.0000000 ,0.0400000 ,0.0395000 ,1.4900000 
1000.0000000 ,0.1000000 ,30.0000000 ,1000.0000000 ,100.0000000 ,0.0400000 ,0.0417000 ,1.5100000 
1000.0000000 ,0.2000000 ,30.0000000 ,1000.0000000 ,100.0000000 ,0.0400000 ,0.0396000 ,1.4800000 
1000.0000000 ,1.0000000 ,30.0000000 ,1000.0000000 ,100.0000000 ,0.0400000 ,0.0382000 ,1.4700000 
1000.0000000 ,10.0000000 ,30.0000000 ,1000.0000000 ,100.0000000 ,0.0400000 ,0.0380000 ,1.4600000 
1000.0000000 ,100.0000000 ,30.0000000 ,1000.0000000 ,100.0000000 ,0.0400000 ,0.0379000 ,1.4600000 
1000.0000000 ,1000.0000000 ,30.0000000 ,1000.0000000 ,100.0000000 ,0.0400000 ,0.0379000 ,1.4600000 
1000.0000000 ,0.1000000 ,90.0000000 ,1000.0000000 ,100.0000000 ,0.0400000 ,0.0409000 ,1.5000000 
1000.0000000 ,0.2000000 ,90.0000000 ,1000.0000000 ,100.0000000 ,0.0400000 ,0.0389000 ,1.4700000 
1000.0000000 ,1.0000000 ,90.0000000 ,1000.0000000 ,100.0000000 ,0.0400000 ,0.0377000 ,1.4500000 
1000.0000000 ,10.0000000 ,90.0000000 ,1000.0000000 ,100.0000000 ,0.0400000 ,0.0374000 ,1.4500000 
1000.0000000 ,100.0000000 ,90.0000000 ,1000.0000000 ,100.0000000 ,0.0400000 ,0.0374000 ,1.4500000 
1000.0000000 ,1000.0000000 ,90.0000000 ,1000.0000000 ,100.0000000 ,0.0400000 ,0.0374000 ,1.4500000 
1000.0000000 ,0.1000000 ,100.0000000 ,1000.0000000 ,100.0000000 ,0.0400000 ,0.0409000 ,1.5000000 
1000.0000000 ,0.2000000 ,100.0000000 ,1000.0000000 ,100.0000000 ,0.0400000 ,0.0389000 ,1.4700000 
1000.0000000 ,1.0000000 ,100.0000000 ,1000.0000000 ,100.0000000 ,0.0400000 ,0.0377000 ,1.4600000 
1000.0000000 ,10.0000000 ,100.0000000 ,1000.0000000 ,100.0000000 ,0.0400000 ,0.0374000 ,1.4500000 
1000.0000000 ,100.0000000 ,100.0000000 ,1000.0000000 ,100.0000000 ,0.0400000 ,0.0374000 ,1.4500000 
1000.0000000 ,1000.0000000 ,100.0000000 ,1000.0000000 ,100.0000000 ,0.0400000 ,0.0374000 ,1.4500000 
1000.0000000 ,0.1000000 ,300.0000000 ,1000.0000000 ,100.0000000 ,0.0400000 ,0.0407000 ,1.5000000 
1000.0000000 ,0.2000000 ,300.0000000 ,1000.0000000 ,100.0000000 ,0.0400000 ,0.0387000 ,1.4700000 
1000.0000000 ,1.0000000 ,300.0000000 ,1000.0000000 ,100.0000000 ,0.0400000 ,0.0375000 ,1.4500000 
1000.0000000 ,10.0000000 ,300.0000000 ,1000.0000000 ,100.0000000 ,0.0400000 ,0.0372000 ,1.4500000 
1000.0000000 ,100.0000000 ,300.0000000 ,1000.0000000 ,100.0000000 ,0.0400000 ,0.0372000 ,1.4500000 
1000.0000000 ,1000.0000000 ,300.0000000 ,1000.0000000 ,100.0000000 ,0.0400000 ,0.0372000 ,1.4500000 
1000.0000000 ,0.1000000 ,500.0000000 ,1000.0000000 ,100.0000000 ,0.0400000 ,0.0406000 ,1.5000000 
1000.0000000 ,0.2000000 ,500.0000000 ,1000.0000000 ,100.0000000 ,0.0400000 ,0.0387000 ,1.4700000 
1000.0000000 ,1.0000000 ,500.0000000 ,1000.0000000 ,100.0000000 ,0.0400000 ,0.0375000 ,1.4500000 
1000.0000000 ,10.0000000 ,500.0000000 ,1000.0000000 ,100.0000000 ,0.0400000 ,0.0372000 ,1.4500000 
1000.0000000 ,100.0000000 ,500.0000000 ,1000.0000000 ,100.0000000 ,0.0400000 ,0.0372000 ,1.4500000 
1000.0000000 ,1000.0000000 ,500.0000000 ,1000.0000000 ,100.0000000 ,0.0400000 ,0.0372000 ,1.4500000 
1000.0000000 ,0.1000000 ,1000.0000000 ,1000.0000000 ,100.0000000 ,0.0400000 ,0.0406000 ,1.5000000 
1000.0000000 ,0.2000000 ,1000.0000000 ,1000.0000000 ,100.0000000 ,0.0400000 ,0.0387000 ,1.4700000 
1000.0000000 ,1.0000000 ,1000.0000000 ,1000.0000000 ,100.0000000 ,0.0400000 ,0.0374000 ,1.4500000 
1000.0000000 ,10.0000000 ,1000.0000000 ,1000.0000000 ,100.0000000 ,0.0400000 ,0.0372000 ,1.4500000 
1000.0000000 ,100.0000000 ,1000.0000000 ,1000.0000000 ,100.0000000 ,0.0400000 ,0.0372000 ,1.4500000 
1000.0000000 ,1000.0000000 ,1000.0000000 ,1000.0000000 ,100.0000000 ,0.0400000 ,0.0372000 ,1.4500000 
0.1000000 ,1000.0000000 ,1000.0000000 ,1000.0000000 ,1.0000000 ,0.0400000 ,0.1483000 ,0.0001000 
0.2000000 ,1000.0000000 ,1000.0000000 ,1000.0000000 ,1.0000000 ,0.0400000 ,0.1989000 ,0.0001000 
0.4000000 ,1000.0000000 ,1000.0000000 ,1000.0000000 ,1.0000000 ,0.0400000 ,0.2624000 ,0.0001000 
0.6000000 ,1000.0000000 ,1000.0000000 ,1000.0000000 ,1.0000000 ,0.0400000 ,0.3037000 ,0.7901000 
0.8000000 ,1000.0000000 ,1000.0000000 ,1000.0000000 ,1.0000000 ,0.0400000 ,0.3343000 ,0.9001000 
1.0000000 ,1000.0000000 ,1000.0000000 ,1000.0000000 ,1.0000000 ,0.0400000 ,0.3586000 ,0.9801000 
0.1000000 ,1000.0000000 ,1000.0000000 ,1000.0000000 ,2.0000000 ,0.0400000 ,0.1440000 ,0.0001000 
0.2000000 ,1000.0000000 ,1000.0000000 ,1000.0000000 ,2.0000000 ,0.0400000 ,0.1927000 ,0.0101000 
0.4000000 ,1000.0000000 ,1000.0000000 ,1000.0000000 ,2.0000000 ,0.0400000 ,0.2486000 ,0.9701000 
0.6000000 ,1000.0000000 ,1000.0000000 ,1000.0000000 ,2.0000000 ,0.0400000 ,0.2817000 ,1.1901000 
0.8000000 ,1000.0000000 ,1000.0000000 ,1000.0000000 ,2.0000000 ,0.0400000 ,0.3048000 ,1.3301000 
1.0000000 ,1000.0000000 ,1000.0000000 ,1000.0000000 ,2.0000000 ,0.0400000 ,0.3223000 ,1.4301000 
0.1000000 ,1000.0000000 ,1000.0000000 ,1000.0000000 ,5.0000000 ,0.0400000 ,0.1366000 ,0.0001000 
0.2000000 ,1000.0000000 ,1000.0000000 ,1000.0000000 ,5.0000000 ,0.0400000 ,0.1735000 ,1.1201000 
0.4000000 ,1000.0000000 ,1000.0000000 ,1000.0000000 ,5.0000000 ,0.0400000 ,0.2047000 ,1.5800000 
0.6000000 ,1000.0000000 ,1000.0000000 ,1000.0000000 ,5.0000000 ,0.0400000 ,0.2194000 ,1.8100000 
0.8000000 ,1000.0000000 ,1000.0000000 ,1000.0000000 ,5.0000000 ,0.0400000 ,0.2281000 ,1.9400000 
1.0000000 ,1000.0000000 ,1000.0000000 ,1000.0000000 ,5.0000000 ,0.0400000 ,0.2339000 ,2.0300000 
0.1000000 ,1000.0000000 ,1000.0000000 ,1000.0000000 ,10.0000000 ,0.0400000 ,0.1222000 ,1.0800000 
0.2000000 ,1000.0000000 ,1000.0000000 ,1000.0000000 ,10.0000000 ,0.0400000 ,0.1410000 ,1.5500000 
0.4000000 ,1000.0000000 ,1000.0000000 ,1000.0000000 ,10.0000000 ,0.0400000 ,0.1526000 ,1.9200000 
0.6000000 ,1000.0000000 ,1000.0000000 ,1000.0000000 ,10.0000000 ,0.0400000 ,0.1568000 ,2.0700000 
0.8000000 ,1000.0000000 ,1000.0000000 ,1000.0000000 ,10.0000000 ,0.0400000 ,0.1590000 ,2.1500000 
1.0000000 ,1000.0000000 ,1000.0000000 ,1000.0000000 ,10.0000000 ,0.0400000 ,0.1603000 ,2.2100000 
0.1000000 ,1000.0000000 ,1000.0000000 ,1000.0000000 ,20.0000000 ,0.0400000 ,0.0951000 ,1.4500000 
0.2000000 ,1000.0000000 ,1000.0000000 ,1000.0000000 ,20.0000000 ,0.0400000 ,0.1006000 ,1.7700000 
0.4000000 ,1000.0000000 ,1000.0000000 ,1000.0000000 ,20.0000000 ,0.0400000 ,0.1032000 ,1.9600000 
0.6000000 ,1000.0000000 ,1000.0000000 ,1000.0000000 ,20.0000000 ,0.0400000 ,0.1040000 ,2.0300000 
0.8000000 ,1000.0000000 ,1000.0000000 ,1000.0000000 ,20.0000000 ,0.0400000 ,0.1044000 ,2.0700000 
1.0000000 ,1000.0000000 ,1000.0000000 ,1000.0000000 ,20.0000000 ,0.0400000 ,0.1046000 ,2.0900000 
0.1000000 ,1000.0000000 ,1000.0000000 ,1000.0000000 ,30.0000000 ,0.0400000 ,0.0773000 ,1.5500000 
0.2000000 ,1000.0000000 ,1000.0000000 ,1000.0000000 ,30.0000000 ,0.0400000 ,0.0794000 ,1.7600000 
0.4000000 ,1000.0000000 ,1000.0000000 ,1000.0000000 ,30.0000000 ,0.0400000 ,0.0804000 ,1.8700000 
0.6000000 ,1000.0000000 ,1000.0000000 ,1000.0000000 ,30.0000000 ,0.0400000 ,0.0806000 ,1.9100000 
0.8000000 ,1000.0000000 ,1000.0000000 ,1000.0000000 ,30.0000000 ,0.0400000 ,0.0808000 ,1.9300000 
1.0000000 ,1000.0000000 ,1000.0000000 ,1000.0000000 ,30.0000000 ,0.0400000 ,0.0808000 ,1.9500000 
0.1000000 ,1000.0000000 ,1000.0000000 ,1000.0000000 ,40.0000000 ,0.0400000 ,0.0656000 ,1.5600000 
0.2000000 ,1000.0000000 ,1000.0000000 ,1000.0000000 ,40.0000000 ,0.0400000 ,0.0666000 ,1.7000000 
0.4000000 ,1000.0000000 ,1000.0000000 ,1000.0000000 ,40.0000000 ,0.0400000 ,0.0670000 ,1.7800000 
0.6000000 ,1000.0000000 ,1000.0000000 ,1000.0000000 ,40.0000000 ,0.0400000 ,0.0671000 ,1.8100000 
0.8000000 ,1000.0000000 ,1000.0000000 ,1000.0000000 ,40.0000000 ,0.0400000 ,0.0672000 ,1.8200000 
1.0000000 ,1000.0000000 ,1000.0000000 ,1000.0000000 ,40.0000000 ,0.0400000 ,0.0672000 ,1.8300000 
0.1000000 ,1000.0000000 ,1000.0000000 ,1000.0000000 ,50.0000000 ,0.0400000 ,0.0573000 ,1.5400000 
0.2000000 ,1000.0000000 ,1000.0000000 ,1000.0000000 ,50.0000000 ,0.0400000 ,0.0579000 ,1.6400000 
0.4000000 ,1000.0000000 ,1000.0000000 ,1000.0000000 ,50.0000000 ,0.0400000 ,0.0581000 ,1.7000000 
0.6000000 ,1000.0000000 ,1000.0000000 ,1000.0000000 ,50.0000000 ,0.0400000 ,0.0582000 ,1.7200000 
0.8000000 ,1000.0000000 ,1000.0000000 ,1000.0000000 ,50.0000000 ,0.0400000 ,0.0582000 ,1.7300000 
1.0000000 ,1000.0000000 ,1000.0000000 ,1000.0000000 ,50.0000000 ,0.0400000 ,0.0582000 ,1.7400000 
0.1000000 ,1000.0000000 ,1000.0000000 ,1000.0000000 ,60.0000000 ,0.0400000 ,0.0512000 ,1.5000000 
0.2000000 ,1000.0000000 ,1000.0000000 ,1000.0000000 ,60.0000000 ,0.0400000 ,0.0515000 ,1.5900000 
0.4000000 ,1000.0000000 ,1000.0000000 ,1000.0000000 ,60.0000000 ,0.0400000 ,0.0517000 ,1.6300000 
0.6000000 ,1000.0000000 ,1000.0000000 ,1000.0000000 ,60.0000000 ,0.0400000 ,0.0517000 ,1.6400000 
0.8000000 ,1000.0000000 ,1000.0000000 ,1000.0000000 ,60.0000000 ,0.0400000 ,0.0518000 ,1.6500000 
1.0000000 ,1000.0000000 ,1000.0000000 ,1000.0000000 ,60.0000000 ,0.0400000 ,0.0518000 ,1.6600000 
0.1000000 ,1000.0000000 ,1000.0000000 ,1000.0000000 ,70.0000000 ,0.0400000 ,0.0465000 ,1.4700000 
0.2000000 ,1000.0000000 ,1000.0000000 ,1000.0000000 ,70.0000000 ,0.0400000 ,0.0467000 ,1.5400000 
0.4000000 ,1000.0000000 ,1000.0000000 ,1000.0000000 ,70.0000000 ,0.0400000 ,0.0468000 ,1.5700000 
0.6000000 ,1000.0000000 ,1000.0000000 ,1000.0000000 ,70.0000000 ,0.0400000 ,0.0468000 ,1.5800000 
0.8000000 ,1000.0000000 ,1000.0000000 ,1000.0000000 ,70.0000000 ,0.0400000 ,0.0468000 ,1.5900000 
1.0000000 ,1000.0000000 ,1000.0000000 ,1000.0000000 ,70.0000000 ,0.0400000 ,0.0468000 ,1.5900000 
0.1000000 ,1000.0000000 ,1000.0000000 ,1000.0000000 ,80.0000000 ,0.0400000 ,0.0427000 ,1.4300000 
0.2000000 ,1000.0000000 ,1000.0000000 ,1000.0000000 ,80.0000000 ,0.0400000 ,0.0428000 ,1.4900000 
0.4000000 ,1000.0000000 ,1000.0000000 ,1000.0000000 ,80.0000000 ,0.0400000 ,0.0429000 ,1.5200000 
0.6000000 ,1000.0000000 ,1000.0000000 ,1000.0000000 ,80.0000000 ,0.0400000 ,0.0429000 ,1.5300000 
0.8000000 ,1000.0000000 ,1000.0000000 ,1000.0000000 ,80.0000000 ,0.0400000 ,0.0429000 ,1.5300000 
1.0000000 ,1000.0000000 ,1000.0000000 ,1000.0000000 ,80.0000000 ,0.0400000 ,0.0430000 ,1.5300000 
0.1000000 ,1000.0000000 ,1000.0000000 ,1000.0000000 ,90.0000000 ,0.0400000 ,0.0396000 ,1.4000000 
0.2000000 ,1000.0000000 ,1000.0000000 ,1000.0000000 ,90.0000000 ,0.0400000 ,0.0397000 ,1.4400000 
0.4000000 ,1000.0000000 ,1000.0000000 ,1000.0000000 ,90.0000000 ,0.0400000 ,0.0398000 ,1.4700000 
0.6000000 ,1000.0000000 ,1000.0000000 ,1000.0000000 ,90.0000000 ,0.0400000 ,0.0398000 ,1.4800000 
0.8000000 ,1000.0000000 ,1000.0000000 ,1000.0000000 ,90.0000000 ,0.0400000 ,0.0398000 ,1.4800000 
1.0000000 ,1000.0000000 ,1000.0000000 ,1000.0000000 ,90.0000000 ,0.0400000 ,0.0398000 ,1.4800000 
0.1000000 ,1000.0000000 ,1000.0000000 ,1000.0000000 ,100.0000000 ,0.0400000 ,0.0370000 ,1.3700000 
0.2000000 ,1000.0000000 ,1000.0000000 ,1000.0000000 ,100.0000000 ,0.0400000 ,0.0371000 ,1.4100000 
0.4000000 ,1000.0000000 ,1000.0000000 ,1000.0000000 ,100.0000000 ,0.0400000 ,0.0371000 ,1.4300000 
0.6000000 ,1000.0000000 ,1000.0000000 ,1000.0000000 ,100.0000000 ,0.0400000 ,0.0371000 ,1.4300000 
0.8000000 ,1000.0000000 ,1000.0000000 ,1000.0000000 ,100.0000000 ,0.0400000 ,0.0371000 ,1.4400000 
1.0000000 ,1000.0000000 ,1000.0000000 ,1000.0000000 ,100.0000000 ,0.0400000 ,0.0371000 ,1.4400000 
